Code de profil SIPeC,Codes exclus,Appellation d'emploi
00010.00,00011.00,commissaire - services gouvernementaux
00010.00,00013.00,"chef de direction - santé, enseignement, services communautaires et sociaux et associations mutuelles"
10010.00,10029.00,directeur/directrice de cabinet d'expertise comptable
10010.00,10029.00,directeur/directrice de cabinet de vérificateurs
10012.00,70012.01,directeur/directrice de l'entreposage
10021.02,10020.03,
10030.00,50011.00,directeur/directrice de la diffusion
11101.01,11102.00,planificateur financier/planificatrice financière
11101.01,41401.00,économiste
11101.01,41402.00,agent/agente de développement économique - gouvernement
11101.02,11102.00,planificateur financier/planificatrice financière
11101.02,41401.00,économiste
11101.02,41402.00,agent/agente de développement économique
11109.01,41401.00,économiste
11109.01,41402.00,agent/agente de développement économique
11109.02,41401.00,économiste
11109.02,41402.00,agent/agente de développement économique
11109.03,41401.00,économiste
11109.03,41402.00,agent/agente de développement économique
11109.04,41401.00,économiste
11109.04,41402.00,agent/agente de développement économique
11109.05,41401.00,économiste
11109.05,41402.00,agent/agente de développement économique
11200.00,41210.00,agent/agente de formation - compagnie
11202.00,10022.03,
12010.00,13100.00,gestionnaire de bureau
12100.00,13110.00,secrétaire exécutif/secrétaire exécutive (sauf domaines juridique et médical)
13112.00,12110.02,
14103.00,13111.00,adjoint administratif/adjointe administrative - domaine judiciaire
14103.00,13111.00,assistant judiciaire/assistante judiciaire
14103.00,42200.01,auxiliaire juridique
14110.01,65109.03,
14112.01,12010.00,superviseur/superviseure d'opérateurs d'équipement d'éditique
14112.01,52111.00,préparateur/préparatrice de copies en arts graphiques
14112.01,52111.00,metteur en page-encolleur/metteuse en page-encolleuse
14112.01,14301.03,
14202.00,12011.00,superviseur/superviseure du recouvrement
14202.00,12104.01,agent/agente de perception des impôts
14300.00,52100.01,
14401.00,12013.00,superviseur/superviseure de commis aux pièces
14403.02,12013.00,superviseur/superviseure de commis aux stocks
14404.00,12013.00,superviseur/superviseure de répartiteurs
14405.00,12013.00,superviseur/superviseure d'horairistes de trajets
14405.00,12013.00,superviseur/superviseure de préposés à l'affectation des équipages
14405.00,13201.01,contrôleur/contrôleuse de la production
21100.01,21102.01,géophysicien/géophysicienne
21100.01,21102.02,spécialiste en océanographie physique
21101.00,21102.01,géochimiste
21101.00,21109.01,métallurgiste
21101.00,21109.02,scientifique des matériaux
21101.00,21110.02,biologiste moléculaire
21103.00,52114.00,reporteur/reportrice météo
21111.00,41401.00,économiste forestier/économiste forestière
21112.00,21399.01,ingénieur agricole/ingénieure agricole
21112.00,22110.02,technicien/technicienne en agrologie
21120.00,41400.02,hygiéniste du travail
21120.00,41400.01,
21200.00,21231.00,architecte organique en logiciels
21200.00,21300.00,ingénieur/ingénieure de structures
21200.00,21311.01,architecte de matériel technique
21200.00,21399.04,architecte naval/architecte navale
21200.00,21223.01,
21203.00,21300.00,ingénieur/ingénieure en géomatique
21203.00,21300.00,ingénieur arpenteur/ingénieure arpenteuse
21230.00,10022.04,
21231.00,21311.01,ingénieur informaticien/ingénieure informaticienne
21232.00,10022.04,
21233.00,10022.04,
21234.00,21311.02,concepteur/conceptrice de systèmes de réseaux
21300.00,21320.00,ingénieur chimiste/ingénieure chimiste en environnement
21301.00,92100.02,
21320.00,21399.01,ingénieur agricole/ingénieure agricole
21320.00,21399.02,ingénieur biomédical/ingénieure biomédicale
21321.00,11201.00,analyste en organisation
21390.00,22313.03,mécanicien/mécanicienne d'entretien d'aéronef (MEA) - avionique
21390.00,72404.01,technicien/technicienne d'entretien d'aéronefs (TEA) (sauf avionique)
21399.04,72603.00,officier mécanicien/officière mécanicienne de marine - transport par voies navigables
22100.01,32120.00,technologiste en biochimie de laboratoire médical
22100.02,32120.00,technologiste en biochimie de laboratoire médical
22110.01,22310.01,technologue en génie biomédical
22211.00,22212.01,technologue en conception et en dessin - génie civil
22211.00,22300.01,technologue concepteur/technologue conceptrice en génie civil
22211.00,22301.01,concepteur/conceptrice d'équipement de génie mécanique
22211.00,22310.01,technologue concepteur/technologue conceptrice en électricité et en électronique
22212.01,22300.01,technologue concepteur/technologue conceptrice en génie civil
22212.01,22301.01,technologue concepteur/technologue conceptrice en génie mécanique
22212.01,22310.01,technologue concepteur/technologue conceptrice en génie électronique
22212.01,22310.01,technologue concepteur/technologue conceptrice en génie électrique
22214.01,22300.02,technicien/technicienne en utilisation des terres
22214.01,22300.02,technicien/technicienne en aménagement urbain
22214.03,22300.02,technicien/technicienne en utilisation des terres
22214.04,22300.02,technicien/technicienne en utilisation des terres
22231.01,11201.00,agent/agente des affaires réglementaires
22231.01,11201.00,agent/agente de la conformité réglementaire
22231.02,11201.00,agent/agente de la conformité réglementaire
22231.02,11201.00,agent/agente des affaires réglementaires
22231.03,11201.00,agent/agente de la conformité réglementaire
22231.03,11201.00,agent/agente des affaires réglementaires
22231.04,11201.00,agent/agente de la conformité réglementaire
22231.04,11201.00,agent/agente des affaires réglementaires
22231.05,11201.00,agent/agente de la conformité réglementaire
22231.05,11201.00,agent/agente des affaires réglementaires
22232.00,41400.02,hygiéniste du travail
22232.00,41400.01,
22312.00,22313.01,technicien/technicienne d'instruments d'aéronef
31101.01,31110.02,
31101.05,31110.02,
31111.00,31101.03,
31111.00,31303.04,
31111.00,32129.02,
31111.00,33109.04,
31111.00,33109.05,
31112.01,32109.01,audioprothésiste
31112.02,32109.02,aide-orthophoniste
31121.00,32129.01,
31121.00,32209.06,
31121.00,41403.02,
31200.00,31100.04,
31200.00,41409.07,
31201.00,33109.03,aide en chiropraxie
31202.00,32109.04,thérapeute en réadaptation physique
31202.00,32109.05,assistant/assistante en physiothérapie
31204.02,32109.04,
31209.01,31303.04,
31209.04,31303.04,
31209.04,32209.02,
31301.01,32101.01,infirmier auxiliaire autorisé/infirmière auxiliaire autorisée
31301.03,32101.01,infirmier auxiliaire autorisé/infirmière auxiliaire autorisée
31301.04,32101.01,infirmier auxiliaire autorisé/infirmière auxiliaire autorisée
31301.05,32101.01,infirmier auxiliaire autorisé/infirmière auxiliaire autorisée
31301.06,32101.01,infirmier auxiliaire autorisé/infirmière auxiliaire autorisée
32100.00,31101.03,
32100.00,32129.02,
32102.00,33102.00,auxiliaire médical/auxiliaire médicale en soins d'urgence
32102.00,33102.00,répondant médical d'urgence/répondante médicale d'urgence (non paramédical)
32102.00,33102.00,assistant technicien/assistante technicienne en soins médicaux d'urgence (non paramédical)
32123.02,32103.03,
32200.01,31209.03,
32200.01,31209.04,
32200.01,31303.02,
32200.02,31209.03,
32200.02,31209.04,
32200.02,31303.02,
32209.01,31209.03,
32209.01,31303.02,
32209.02,31209.04,
32209.03,31209.03,
32209.05,31209.03,
32209.06,31209.03,
33109.02,32101.02,
33109.04,32101.02,
33109.06,31303.05,
33109.06,32101.02,
33109.07,31303.05,
33109.08,31303.05,
33109.08,32101.02,
41100.00,42200.05,juge de paix
41100.00,42200.05,juge de la citoyenneté
41101.00,41400.03,agent/agente de brevets
41101.00,42200.03,notaire public/notaire publique (à l'extérieur du Québec)
41101.00,42200.04,
41220.00,41301.00,psychoéducateur/psychoéducatrice
41220.00,52100.01,bibliothécaire d'école secondaire
41221.00,41301.00,psychoéducateur/psychoéducatrice
41221.00,42203.00,éducateur spécialisé/éducatrice spécialisée pour personnes ayant une déficience développementale
41221.00,52100.01,bibliothécaire d'école élémentaire
41310.01,64410.04,détective privé/détective privée
41320.00,31200.00,psychologue scolaire
41321.00,12104.02,agent/agente d'assurance-emploi
41321.00,42203.00,formateur/formatrice en milieu de travail pour personnes ayant une déficience
41401.00,41403.01,analyste des politiques du travail
41402.00,41403.05,
41407.00,42200.05,
41409.02,41221.00,
42100.00,64410.04,détective privé/détective privée
42101.00,32102.00,ambulancier paramédical/ambulancière paramédicale
42200.04,41400.03,
42201.00,54100.01,animateur/animatrice d'activités en gériatrie
42203.00,31112.02,thérapeute en audiologie et en orthophonie
42203.00,31203.00,ergothérapeute - conseiller/conseillère en réadaptation
42204.00,31102.00,médecin missionnaire
44100.01,44101.00,aide familial résident/aide familiale résidente - personnes âgées
44100.01,44101.00,aide familial résident/aide familiale résidente - personnes handicapées
44100.02,44101.00,aide familial résident/aide familiale résidente - personnes handicapées
51100.00,51101.02,conservateur/conservatrice de bibliothèque
51100.00,52100.01,bibliothécaire au niveau primaire
51100.00,52100.01,bibliothécaire au niveau secondaire
51101.01,53123.03,concepteur/conceptrice de musée
51101.01,53100.04,
51101.02,53123.03,concepteur/conceptrice de musée
51101.02,53100.04,
51102.00,52100.02,assistant/assistante dans les services d'archives
51110.00,51114.01,traducteur-réviseur/traductrice-réviseure
51110.00,52113.00,monteur/monteuse de son
51110.00,51120.05,
51111.01,51121.02,auteur-compositeur/auteure-compositrice
51111.02,51121.02,auteur-compositeur/auteure-compositrice
51111.03,51121.02,auteur-compositeur/auteure-compositrice
51114.01,41409.05,
51114.02,41409.05,
51114.03,41409.05,
51114.04,41409.05,
52110.00,52112.00,opérateur/opératrice à la transmission vidéo
52110.00,53111.07,assistant/assistante en audiovisuel
52110.00,53122.01,artiste vidéo
52110.00,51120.07,
52113.00,53111.07,assistant/assistante à l'enregistrement - studio d'enregistrement
52119.01,53123.01,concepteur/conceptrice d'éclairage
52119.02,53123.01,concepteur/conceptrice d'éclairage
52119.03,53123.01,concepteur/conceptrice d'éclairage
52119.07,53123.01,concepteur/conceptrice d'éclairage
52120.01,10022.01,
52120.02,10022.01,
53100.01,53123.03,concepteur/conceptrice d'expositions muséologiques
53100.02,53123.03,concepteur/conceptrice d'expositions muséologiques
53100.03,53123.03,concepteur/conceptrice d'expositions muséologiques
53100.04,53123.03,concepteur/conceptrice d'expositions muséologiques
53100.05,53123.03,concepteur/conceptrice d'expositions muséologiques
53120.01,51120.03,
53120.02,51120.03,
53200.00,54100.01,instructeur/instructrice en sport
53201.01,31204.01,thérapeute du sport
54100.01,41406.03,
54100.02,41406.03,
60010.00,62100.00,surveillant technico-commercial/surveillante technico-commerciale
60030.00,62200.01,premier chef/première chef
62010.00,62100.00,surveillant technico-commercial/surveillante technico-commerciale
62020.00,65200.00,serveur/serveuse de banquet en chef
62020.00,72024.00,surveillant/surveillante de service de cantine ambulante
62021.00,62024.00,superviseur/superviseure de préposés à l'entretien des chambres
62021.00,62024.00,surveillant/surveillante de l'entretien ménager
62024.00,72014.00,surveillant/surveillante de l'entretien de bâtiments
62201.01,00014.00,directeur général/directrice générale de pompes funèbres
62201.01,41301.00,conseiller/conseillère de personnes en deuil
62201.01,65329.03,préposé/préposée de salon funéraire
62202.01,53124.03,orfèvre
62202.01,94219.01,monteur/monteuse de bijoux
62202.02,94219.01,assembleur/assembleuse d'horloges et de montres
63100.00,10020.01,directeur/directrice des assurances
63101.00,12102.00,agent/agente des droits de passage
63101.00,13101.00,agent/agente de location
63101.00,11109.05,
63102.00,10021.01,directeur/directrice des prêts et du crédit - banque ou société de fiducie
63201.00,64100.01,commis-vendeur/commis-vendeuse de poissons et de fruits de mer
63201.00,65202.00,commis-boucher/commis-bouchère - commerce de gros ou de détail
63202.00,62200.03,chef pâtissier/chef pâtissière
63210.01,41210.00,professeur/professeure de coiffure - collège communautaire
63210.02,41210.00,professeur/professeure de coiffure - collège communautaire
63211.01,52119.05,"maquilleur/maquilleuse - cinéma, diffusion et arts de la scène"
63211.02,52119.05,"maquilleur/maquilleuse - cinéma, diffusion et arts de la scène"
64100.01,65102.00,commis aux stocks - commerce de détail
64100.02,65102.00,commis aux stocks - commerce de détail
64101.00,50011.00,directeur/directrice de redevances - arts
64200.01,53123.02,couturier/couturière - haute couture
64201.01,63211.02,
64201.01,63211.04,
64201.01,65229.00,
64201.03,65229.00,
64310.00,12103.00,coordonnateur/coordonnatrice de congrès
64310.00,64312.01,agent/agente de billetterie - transport aérien
64311.01,65200.00,
64311.02,65200.00,
64311.03,65200.00,
64312.01,65210.03,manutentionnaire de bagages
64312.03,64310.00,
64313.01,62022.00,
64313.01,64310.00,
64320.01,53100.03,interprète de musée
64320.01,53100.03,interprète historique
64320.01,64322.00,
64320.02,53100.03,interprète de musée
64320.02,53100.03,interprète historique
64320.02,64322.00,
65320.03,64200.01,
70012.01,70020.01,directeur/directrice de l'exploitation du transport
70012.01,70020.02,directeur/directrice du trafic de fret
70012.02,70020.01,directeur/directrice de l'exploitation du transport
70012.02,70020.02,directeur/directrice du trafic de fret
70012.02,73201.00,surintendant/surintendante des immeubles
70021.00,72025.00,maître/maîtresse de poste
72010.00,22302.01,programmeur/programmeuse en conception et fabrication assistées par ordinateur (CFAO)
72010.00,22302.01,programmeur/programmeuse de machines de mesure des coordonnées à commande numérique par ordinateur (MMC/CNC)
72011.00,72020.00,contremaître/contremaîtresse de mécaniciens-électriciens
72022.00,12010.00,superviseur/superviseure d'opérateurs d'équipement d'éditique
72024.00,14404.00,répartiteur/répartitrice de camions
72024.00,14404.00,répartiteur/répartitrice de taxis
72024.00,72604.01,régulateur/régulatrice de trains
72025.00,12013.00,superviseur/superviseure de l'expédition et de la réception
72102.00,72404.01,tôlier/tôlière d'aéronefs
72104.00,72105.00,monteur/monteuse de structures d'acier
72401.00,72410.01,diéséliste - véhicules automobiles
72402.00,72421.01,réparateur/réparatrice de climatiseurs ménagers pour fenêtres
72402.00,72421.02,réparateur/réparatrice de réfrigérateurs ménagers
72404.01,72405.00,ajusteur/ajusteuse au montage de moteurs d'aéronef
72404.01,22231.03,
72404.02,22231.03,
72405.00,93200.01,
72410.01,72423.02,
72410.02,72423.02,
72410.03,72423.02,
72422.00,22313.02,mécanicien/mécanicienne en équipement électrique d'aéronef
72423.01,72020.00,
72600.03,41210.00,instructeur/instructrice d'école de formation au sol
72603.00,21399.04,
72999.06,42100.00,policier-plongeur/policière-plongeuse
73112.00,52121.00,décorateur/décoratrice d'intérieur
73209.00,72999.02,
73300.01,14404.00,répartiteur/répartitrice du transport routier
73300.01,41210.00,formateur/formatrice d'opérateurs d'équipement lourd - collège communautaire
73300.01,75211.02,aide-chauffeur/aide-chauffeuse de camion
73300.02,14404.00,répartiteur/répartitrice du transport routier
73300.02,41210.00,formateur/formatrice d'opérateurs d'équipement lourd - collège communautaire
73300.02,75211.02,aide-chauffeur/aide-chauffeuse de camion
73310.01,72604.01,
73310.01,73301.03,
73310.02,72604.01,
73310.02,73301.03,
73400.00,75101.02,conducteur/conductrice de chariot élévateur à fourche
73400.00,75101.02,opérateur/opératrice de chariot de manutention
73401.00,53124.07,sérigraphiste - métiers d'art
75101.01,12013.00,superviseur/superviseure de la distribution en entrepôt
75101.01,75211.02,aide-déménageur/aide-déménageuse
75101.02,12013.00,superviseur/superviseure de la distribution en entrepôt
75101.02,75211.02,aide-déménageur/aide-déménageuse
75200.01,14404.00,répartiteur/répartitrice de taxis
75201.00,75211.02,aide de camion de livraison
80010.00,20011.02,directeur/directrice de recherche en foresterie
80022.00,22110.02,technicien/technicienne en aquaculture
80022.00,85102.00,employé/employée de soutien en aquaculture
80022.00,85102.00,travailleur/travailleuse de soutien en aquaculture
83120.00,72603.00,chef mécanicien/chef mécanicienne de bateau de pêche
84111.00,85103.00,manoeuvre de pépinière forestière
84111.00,22114.01,
85104.00,64322.00,guide de chasse
85104.00,73202.00,piégeur/piégeuse au contrôle des animaux
92012.00,22111.01,inspecteur/inspectrice de produits de la pêche
92012.00,22111.04,surveillant/surveillante de l'inspection des viandes
92015.00,22100.01,technologue de la couleur des textiles
92015.00,22100.02,maître-teinturier/maîtresse-teinturière - textiles
92015.00,22302.01,technologue des textiles
92015.00,22302.02,technicien/technicienne des textiles
92015.00,72400.02,mécanicien/mécanicienne de machines textiles
92020.00,92023.00,surveillant/surveillante au montage de moteurs (sauf aéronefs)
92022.00,92024.00,contremaître/contremaîtresse de monteurs de menuiseries préfabriquées - fabrication d'articles en bois
92023.00,72020.00,superviseur/superviseure d'ajusteurs de machines
92023.00,72020.00,contremaître/contremaîtresse au montage de moteurs d'aéronef
92100.01,72400.01,mécanicien/mécanicienne de matériel de centrale nucléaire
92100.01,21300.00,
92100.01,21301.00,
92100.01,21310.00,
92100.01,21311.01,
92100.01,21311.02,
92100.01,21320.00,
92100.01,21321.00,
92100.01,21322.00,
92100.01,21390.00,
92100.01,21399.01,
92100.01,21399.02,
92100.01,21399.03,
92100.01,21399.04,
92100.01,21399.05,
92100.02,72400.01,mécanicien/mécanicienne de matériel de centrale nucléaire
92101.01,95102.00,préposé/préposée au traitement des eaux
92101.02,95102.00,préposé/préposée au traitement des eaux
93100.00,94101.02,opérateur/opératrice de machine à couler - fonderie
93100.00,94101.03,opérateur/opératrice de four de fonderie
93200.01,22313.03,installateur/installatrice de systèmes - avionique
93200.01,94213.01,peintre d'aéronefs
94102.01,94104.00,contrôleur/contrôleuse de verre
94102.01,94202.01,fabricant/fabricante d'enseignes au néon
94102.01,53124.02,
94102.02,94104.00,contrôleur/contrôleuse de verre
94102.02,94202.01,fabricant/fabricante d'enseignes au néon
94102.02,53124.02,
94102.03,94104.00,contrôleur/contrôleuse de verre
94102.03,94202.01,fabricant/fabricante d'enseignes au néon
94102.03,53124.02,
94102.04,94202.01,fabricant/fabricante d'enseignes au néon
94102.04,53124.02,
94103.01,53124.01,artisan sculpteur/artisane sculpteure
94103.01,72320.00,maçon/maçonne en pierres
94103.01,53122.02,
94103.01,53124.04,
94103.02,53124.01,artisan sculpteur/artisane sculpteure
94103.02,72320.00,maçon/maçonne en pierres
94103.02,94104.00,contrôleur/contrôleuse de produits de béton
94103.02,94104.00,inspecteur/inspectrice de pierres - traitement des produits minéraux
94103.02,53122.02,
94103.02,53124.04,
94103.03,53124.01,artisan sculpteur/artisane sculpteure
94103.03,72320.00,maçon/maçonne en pierres
94103.03,94104.00,contrôleur/contrôleuse de produits de béton
94103.03,94104.00,inspecteur/inspectrice de pierres - traitement des produits minéraux
94103.03,53122.02,
94103.03,53124.04,
94104.00,22101.01,essayeur/essayeuse - minéralogie
94104.00,22101.01,analyste du contrôle métallurgique
94106.00,22302.01,programmeur/programmeuse de machines de mesure des coordonnées à commande numérique par ordinateur (MMC/CNC)
94106.00,22302.01,programmeur/programmeuse en conception et fabrication assistées par ordinateur (CFAO)
94123.01,22100.01,technologue des produits forestiers
94123.01,22112.00,mesureur/mesureuse de billes
94123.01,22302.01,technologue en production - scierie
94123.02,22100.01,technologue des produits forestiers
94123.02,22112.00,mesureur/mesureuse de billes
94123.02,22302.01,technologue en production - scierie
94130.02,22100.01,technologue de la couleur des textiles
94130.02,22100.02,maître-teinturier/maîtresse-teinturière - textiles
94131.00,53124.07,artisan-tisserand/artisane-tisserande
94131.00,53124.07,tricoteur/tricoteuse à la main
94131.00,72400.02,mécanicien/mécanicienne de matériel textile
94141.01,22111.04,inspecteur/inspectrice de viandes
94141.01,94143.00,classeur/classeuse de viande
94141.02,22111.04,inspecteur/inspectrice de viandes
94141.02,94143.00,classeur/classeuse de viande
94143.00,22100.01,qualiticien spécialiste/qualiticienne spécialiste - transformation des aliments
94143.00,22100.02,qualiticien/qualiticienne - transformation des aliments
94151.01,14112.01,opérateur/opératrice de matériel d'éditique
94151.03,14112.01,opérateur/opératrice de matériel d'éditique
94152.00,53124.07,artisan relieur/artisane relieuse
94153.00,72022.00,surveillant/surveillante du développement de photos et de films
94200.01,72410.02,réparateur/réparatrice de véhicules automobiles
94200.01,94213.01,nettoyeur-enduiseur/nettoyeuse-enduiseuse de véhicules
94200.01,94213.01,peintre au montage d'automobiles
94200.02,72410.02,réparateur/réparatrice de véhicules automobiles
94219.01,53124.01,fabricant/fabricante de canots - métiers d'art
94219.01,72104.00,charpentier/charpentière en fer de marine
94219.01,72104.00,ajusteur/ajusteuse en construction navale
94219.01,72310.00,charpentier/charpentière de bateau en bois
94219.01,72310.00,charpentier/charpentière de navires en bois
94219.01,72423.01,technicien/technicienne en réparations navales
94219.01,95109.00,manoeuvre au montage de bateau
94219.01,95109.00,aide au montage de bateau
00011.00,00010,
00011.00,40010,
00011.00,40011,
00011.00,40012,
00011.00,40019,
00012.00,10020,
00012.00,10021,
00012.00,10022,
00012.00,10029,
00012.00,10030,
00012.00,20010,
00012.00,20011,
00012.00,20012,
00013.00,30010,
00013.00,40010,
00013.00,40012,
00013.00,40019,
00013.00,40020,
00013.00,40021,
00013.00,40030,
00014.00,50010,
00014.00,50011,
00014.00,50012,
00014.00,60020,
00014.00,60030,
00014.00,60031,
00014.00,60040,
00015.00,70010,
00015.00,70011,
00015.00,70012,
00015.00,80010,
00015.00,90010,
00015.00,90011,
10011.00,11200,
10011.00,12101,
10012.00,12102,
10012.00,62101,
10019.00,10010,
10019.00,10011,
10019.00,10012,
10019.00,14103,
10019.00,20012,
10019.00,70012,
10020.01,00012,
10020.01,10010,
10020.01,10021,
10020.01,10022,
10020.01,10029,
10020.02,00012,
10020.02,10010,
10020.02,10021,
10020.02,10022,
10020.02,10029,
10020.03,00012,
10020.03,10010,
10020.03,10021,
10020.03,10022,
10020.03,10029,
10020.04,00012,
10020.04,10010,
10020.04,10021,
10020.04,10022,
10020.04,10029,
10021.01,00012,
10021.01,10029,
10021.02,00012,
10021.02,10029,
10022.01,00014,
10022.01,11202,
10022.01,12103,
10022.01,41402,
10022.01,60010,
10022.01,60020,
10022.01,62010,
10022.01,62100,
10022.01,64101,
10022.02,00014,
10022.02,11202,
10022.02,12103,
10022.02,41402,
10022.02,60010,
10022.02,60020,
10022.02,62010,
10022.02,62100,
10022.02,64101,
10022.03,00014,
10022.03,11202,
10022.03,12103,
10022.03,41402,
10022.03,60010,
10022.03,60020,
10022.03,62010,
10022.03,62100,
10022.03,64101,
10022.04,00014,
10022.04,11202,
10022.04,12103,
10022.04,41402,
10022.04,60010,
10022.04,60020,
10022.04,62010,
10022.04,62100,
10022.04,64101,
10029.00,00012,
10029.00,10020,
10029.00,10021,
10029.00,10022,
10029.00,20010,
10029.00,20011,
10029.00,20012,
10030.00,00012,
11100.01,10010,
11100.01,12200,
11100.01,41400,
11100.01,41401,
11100.01,41402,
11100.01,41403,
11100.01,41404,
11100.01,41405,
11100.01,41406,
11100.01,41407,
11100.01,41409,
11100.02,10010,
11100.02,12200,
11100.02,41400,
11100.02,41401,
11100.02,41402,
11100.02,41403,
11100.02,41404,
11100.02,41405,
11100.02,41406,
11100.02,41407,
11100.02,41409,
11101.01,11103,
11101.02,11103,
11102.00,10020,
11102.00,10021,
11102.00,10022,
11102.00,10029,
11102.00,11101,
11102.00,11103,
11102.00,11109,
11103.01,10020,
11103.01,11101,
11103.01,11109,
11103.02,10020,
11103.02,11101,
11103.02,11109,
11109.01,10020,
11109.01,10021,
11109.01,10022,
11109.01,10029,
11109.01,11101,
11109.01,11103,
11109.02,10020,
11109.02,10021,
11109.02,10022,
11109.02,10029,
11109.02,11101,
11109.02,11103,
11109.03,10020,
11109.03,10021,
11109.03,10022,
11109.03,10029,
11109.03,11101,
11109.03,11103,
11109.04,10020,
11109.04,10021,
11109.04,10022,
11109.04,10029,
11109.04,11101,
11109.04,11103,
11109.05,10020,
11109.05,10021,
11109.05,10022,
11109.05,10029,
11109.05,11101,
11109.05,11103,
11200.00,10011,
11200.00,11201,
11200.00,12101,
11200.00,14102,
11201.00,11100,
11201.00,11101,
11201.00,11109,
11201.00,12111,
11201.00,12112,
11201.00,21321,
11201.00,22231,
11201.00,41401,
11201.00,41402,
11202.00,12103,
11202.00,41402,
11202.00,51111,
12010.00,12011,
12010.00,12012,
12010.00,12013,
12010.00,72025,
12011.00,10010,
12011.00,11102,
12011.00,11109,
12011.00,62023,
12012.00,51100,
12012.00,52100,
12013.00,13201,
12013.00,72025,
12100.00,12103,
12100.00,13100,
12101.00,10011,
12101.00,11200,
12101.00,14102,
12102.00,10012,
12102.00,14403,
12102.00,62101,
12103.00,10022,
12103.00,11202,
12103.00,12100,
12103.00,13100,
12103.00,64101,
12104.01,11100,
12104.01,11109,
12104.01,40011,
12104.02,11100,
12104.02,40010,
12104.02,41403,
12110.01,13111,
12110.02,13112,
12111.00,12112,
12112.00,12111,
12112.00,52100,
12113.00,14110,
12113.00,14111,
12113.00,21210,
12200.00,11100,
12200.00,13102,
12200.00,14200,
12200.00,14201,
12202.00,10020,
12202.00,63100,
12203.01,11100,
12203.01,11101,
12203.01,12201,
12203.01,13101,
12203.02,11100,
12203.02,11101,
12203.02,12201,
12203.03,11100,
12203.03,11101,
12203.03,12201,
12203.03,13101,
13100.00,10019,
13100.00,12100,
13100.00,12103,
13100.00,13101,
13101.00,63101,
13101.00,70012,
13102.00,12101,
13102.00,14102,
13110.00,12100,
13110.00,12110,
13110.00,13111,
13110.00,13112,
13111.00,42200,
13112.00,12111,
13200.01,10020,
13200.01,11103,
13200.02,10020,
13200.02,11103,
13201.01,14402,
13201.02,12013,
13201.02,14400,
13201.02,14401,
13201.02,14403,
14100.01,12010,
14100.01,13100,
14100.01,13110,
14100.01,14101,
14100.01,14103,
14100.01,14111,
14100.01,14200,
14100.02,12010,
14100.02,12112,
14100.02,14103,
14100.02,14111,
14100.02,14200,
14101.01,64314,
14101.01,64409,
14101.02,64409,
14101.03,14404,
14101.03,64409,
14101.04,14404,
14101.04,64409,
14102.00,11200,
14102.00,12010,
14102.00,12101,
14102.00,13102,
14103.00,12110,
14103.00,43200,
14110.01,12113,
14110.01,14301,
14110.02,12113,
14110.02,64409,
14111.00,12010,
14111.00,14100,
14112.01,52120,
14112.01,94151,
14112.02,14301,
14112.02,52111,
14112.02,52120,
14200.00,11100,
14200.00,12011,
14200.00,12200,
14200.00,13102,
14200.00,14201,
14200.00,14202,
14201.01,12011,
14201.01,12200,
14201.01,64400,
14201.02,12011,
14201.02,12200,
14201.02,64400,
14201.03,12011,
14201.03,12200,
14201.03,64400,
14300.00,12012,
14300.00,51100,
14301.01,11202,
14301.01,12012,
14301.02,11202,
14301.02,12012,
14301.03,11202,
14301.03,12012,
14301.04,11202,
14301.04,12012,
14301.05,11202,
14301.05,12012,
14400.00,12013,
14400.00,14401,
14400.00,14403,
14400.00,75101,
14401.00,14400,
14401.00,14403,
14402.00,12013,
14402.00,13201,
14402.00,14400,
14402.00,14401,
14402.00,14403,
14403.01,12102,
14403.01,14401,
14403.01,62101,
14403.02,12102,
14403.02,14401,
14403.02,62101,
14404.00,72601,
14404.00,72604,
20010.00,20011,
20010.00,20012,
20010.00,21230,
20010.00,21231,
20010.00,21232,
20010.00,21233,
20010.00,21234,
20010.00,21300,
20010.00,21301,
20010.00,21310,
20010.00,21320,
20010.00,21321,
20010.00,21322,
20010.00,21330,
20010.00,21331,
20010.00,21332,
20010.00,21390,
20010.00,21399,
20010.00,70010,
20010.00,70020,
20010.00,90010,
20010.00,90011,
20011.01,21120,
20011.01,21200,
20011.01,21201,
20011.01,21202,
20011.01,21203,
20011.01,80010,
20011.02,20010,
20011.02,20012,
20011.02,21101,
20011.02,21102,
20011.02,21103,
20011.02,21109,
20011.02,21110,
20011.02,21111,
20011.02,21112,
20011.02,21120,
20011.02,21210,
20011.02,21211,
20011.02,80010,
20012.00,00012,
20012.00,21230,
20012.00,21231,
20012.00,21311,
20012.00,22220,
21100.01,20011,
21100.01,21311,
21100.02,20011,
21100.02,21311,
21101.00,20011,
21101.00,21102,
21101.00,21109,
21101.00,21110,
21101.00,21320,
21102.01,20011,
21102.01,21100,
21102.01,21101,
21102.01,21110,
21102.01,21331,
21102.01,80010,
21102.02,21101,
21102.02,21110,
21102.02,80010,
21109.01,21101,
21109.01,21322,
21109.02,20011,
21109.03,21101,
21109.04,72600,
21110.01,20011,
21110.01,31100,
21110.02,31100,
21112.00,22114,
21120.00,22231,
21120.00,22232,
21120.00,22233,
21120.00,43202,
21200.00,20011,
21200.00,21201,
21201.00,21200,
21201.00,21202,
21201.00,22114,
21202.00,20010,
21202.00,20011,
21202.00,21200,
21202.00,21203,
21203.00,20010,
21203.00,21102,
21203.00,21202,
21203.00,21300,
21203.00,22213,
21203.00,22214,
21203.00,22300,
21210.01,10020,
21210.01,11109,
21210.01,20011,
21210.02,12113,
21210.02,20011,
21210.03,10010,
21210.03,10020,
21210.03,11100,
21210.03,11101,
21210.03,11102,
21210.03,11109,
21211.00,20012,
21211.00,21210,
21211.00,21222,
21211.00,21223,
21211.00,21231,
21211.00,21311,
21220.00,20012,
21220.00,21221,
21220.00,21222,
21220.00,21223,
21220.00,21230,
21220.00,21231,
21220.00,21232,
21220.00,21233,
21220.00,21234,
21220.00,21311,
21221.00,11201,
21221.00,20012,
21221.00,21220,
21221.00,21222,
21221.00,21223,
21222.00,11100,
21222.00,11201,
21222.00,20012,
21222.00,21211,
21222.00,21223,
21222.00,21230,
21222.00,21231,
21222.00,21232,
21222.00,21233,
21222.00,21234,
21222.00,21311,
21223.01,21222,
21223.01,21230,
21223.01,21232,
21223.01,21311,
21223.02,20012,
21230.00,21222,
21230.00,21223,
21230.00,21231,
21230.00,21233,
21230.00,21234,
21230.00,22220,
21230.00,22222,
21231.00,20012,
21231.00,21222,
21231.00,21223,
21231.00,21230,
21231.00,21232,
21231.00,21233,
21231.00,21234,
21231.00,21310,
21231.00,22222,
21232.00,21222,
21232.00,21223,
21232.00,21230,
21232.00,21233,
21232.00,21234,
21232.00,22220,
21232.00,22222,
21232.00,52120,
21233.00,21222,
21233.00,21234,
21233.00,22220,
21233.00,22222,
21233.00,52120,
21234.00,10022,
21234.00,21222,
21234.00,21232,
21234.00,21233,
21234.00,22220,
21234.00,22222,
21300.00,20010,
21300.00,21320,
21300.00,21331,
21300.00,70010,
21300.00,70020,
21301.00,20010,
21301.00,21321,
21301.00,21322,
21301.00,92100,
21310.00,20010,
21310.00,20012,
21310.00,21231,
21310.00,21311,
21310.00,22310,
21311.01,20010,
21311.01,20012,
21311.01,21220,
21311.01,21221,
21311.01,21222,
21311.01,21230,
21311.01,21231,
21311.01,21234,
21311.01,22310,
21311.02,20010,
21311.02,20012,
21311.02,21220,
21311.02,21230,
21311.02,21231,
21311.02,21233,
21311.02,21234,
21320.00,20010,
21320.00,21101,
21320.00,21300,
21320.00,21310,
21320.00,21322,
21320.00,21332,
21320.00,21399,
21321.00,20010,
21321.00,21301,
21321.00,21311,
21321.00,21322,
21322.00,20010,
21322.00,21101,
21322.00,21109,
21322.00,21320,
21322.00,21330,
21330.00,20010,
21330.00,21102,
21330.00,21322,
21330.00,21331,
21330.00,21332,
21330.00,80010,
21331.00,20010,
21331.00,21102,
21331.00,21203,
21331.00,21300,
21331.00,21330,
21331.00,21332,
21332.00,20010,
21332.00,21102,
21332.00,21320,
21332.00,21331,
21332.00,82021,
21390.00,20010,
21390.00,21301,
21390.00,21322,
21390.00,22313,
21399.03,20010,
21399.05,20010,
21399.05,21100,
21399.05,21320,
21399.05,72603,
22101.01,22214,
22101.01,22300,
22101.01,22310,
22101.01,82020,
22101.01,82021,
22101.02,22214,
22101.02,22300,
22101.02,22310,
22101.02,82020,
22101.02,82021,
22110.01,22111,
22110.01,22112,
22110.01,22113,
22110.01,32120,
22110.01,33101,
22110.02,22111,
22110.02,22112,
22110.02,22113,
22110.02,32120,
22110.02,33101,
22111.01,21120,
22111.02,21120,
22111.03,21120,
22111.03,22110,
22111.03,94143,
22111.04,21120,
22111.04,22110,
22111.04,94143,
22111.05,21120,
22111.05,22110,
22111.05,22112,
22112.00,21111,
22112.00,22110,
22112.00,22113,
22112.00,82010,
22113.00,22110,
22113.00,22111,
22113.00,22112,
22114.01,22112,
22114.02,82031,
22114.03,22110,
22114.03,80021,
22114.03,82031,
22114.04,21110,
22114.04,22112,
22114.04,80021,
22114.04,82031,
22114.05,82031,
22114.05,85103,
22114.06,82031,
22114.06,85103,
22114.07,82031,
22210.00,21200,
22210.00,22212,
22210.00,22213,
22210.00,22233,
22210.00,22300,
22210.00,22303,
22210.00,70010,
22211.00,22210,
22211.00,22212,
22211.00,22300,
22211.00,22301,
22211.00,22310,
22211.00,52120,
22211.00,52121,
22211.00,53123,
22212.02,22210,
22212.02,22211,
22212.02,22300,
22212.02,22301,
22212.02,22310,
22213.02,21203,
22213.02,22101,
22213.02,22212,
22213.02,22214,
22213.02,22300,
22214.01,22213,
22214.02,22213,
22214.03,22213,
22214.04,22213,
22214.05,21103,
22220.01,10022,
22220.01,21230,
22220.01,21233,
22220.01,21311,
22220.01,22221,
22220.01,22222,
22220.02,10022,
22220.02,21230,
22220.02,21233,
22220.02,21311,
22220.02,22221,
22220.02,22222,
22221.00,21220,
22221.00,21230,
22221.00,22220,
22221.00,22222,
22222.00,21220,
22222.00,21221,
22222.00,21222,
22222.00,21230,
22222.00,21231,
22222.00,21232,
22222.00,21233,
22222.00,21234,
22222.00,21311,
22222.00,22220,
22222.00,22221,
22230.00,22231,
22230.00,32120,
22230.00,32121,
22230.00,32122,
22230.00,32123,
22230.00,32124,
22230.00,32129,
22231.01,22230,
22231.02,22230,
22231.03,22230,
22231.04,22230,
22231.04,22233,
22231.05,22230,
22232.00,21120,
22232.00,22231,
22232.00,22233,
22232.00,41400,
22232.00,43202,
22233.00,22231,
22233.00,22232,
22233.00,22303,
22233.00,43202,
22233.00,70010,
22300.01,21202,
22300.01,22210,
22300.01,22212,
22300.01,22213,
22300.01,22233,
22300.01,22303,
22300.01,70010,
22300.02,21202,
22300.02,22210,
22300.02,22212,
22300.02,22213,
22300.02,22233,
22300.02,22303,
22300.02,70010,
22301.01,22211,
22301.01,22212,
22301.01,62100,
22301.01,90010,
22301.01,90011,
22301.02,22211,
22301.02,22212,
22301.02,62100,
22301.02,90010,
22301.02,90011,
22302.02,72100,
22302.02,72101,
22302.02,72102,
22302.02,72103,
22302.02,72104,
22302.02,72105,
22302.02,72106,
22303.00,21300,
22303.00,22210,
22303.00,22300,
22303.00,70010,
22310.01,20010,
22310.01,62100,
22310.01,90010,
22310.02,20010,
22310.02,22311,
22310.02,22312,
22310.02,22313,
22310.02,62100,
22310.02,90010,
22311.00,22310,
22311.00,72205,
22312.00,22231,
22312.00,22310,
22312.00,22313,
22312.00,72400,
22313.01,22312,
22313.01,72422,
22313.02,22312,
22313.02,72422,
22313.03,22312,
22313.03,72422,
30010.00,00013,
30010.00,40010,
31100.01,30010,
31100.01,31101,
31100.01,31102,
31100.01,31209,
31100.01,31303,
31100.02,30010,
31100.02,31101,
31100.02,31102,
31100.02,31110,
31100.02,31303,
31100.03,30010,
31100.03,31101,
31100.03,31102,
31100.03,31209,
31100.03,31303,
31100.04,30010,
31100.04,31101,
31100.04,31102,
31100.04,31209,
31100.04,31303,
31100.05,30010,
31100.05,31101,
31100.05,31102,
31100.05,31209,
31100.05,31303,
31100.06,30010,
31100.06,31101,
31100.06,31102,
31100.06,31209,
31100.06,31303,
31100.07,30010,
31100.07,31101,
31100.07,31102,
31100.07,31209,
31100.07,31303,
31100.08,30010,
31100.08,31101,
31100.08,31102,
31100.08,31209,
31100.08,31303,
31100.09,30010,
31100.09,31101,
31100.09,31102,
31100.09,31209,
31100.09,31303,
31100.10,30010,
31100.10,31101,
31100.10,31102,
31100.10,31201,
31100.10,31209,
31100.10,31303,
31100.11,30010,
31100.11,31101,
31100.11,31102,
31100.11,31110,
31100.11,31209,
31100.11,31303,
31100.12,30010,
31100.12,31101,
31100.12,31102,
31100.12,31303,
31100.13,30010,
31100.13,31101,
31100.13,31102,
31100.13,31110,
31100.13,31209,
31100.13,31303,
31100.14,30010,
31100.14,31101,
31100.14,31102,
31100.14,31209,
31100.14,31303,
31101.01,30010,
31101.01,31100,
31101.01,31102,
31101.01,31201,
31101.01,31209,
31101.01,31303,
31101.02,30010,
31101.02,31100,
31101.02,31209,
31101.03,30010,
31101.03,31100,
31101.03,31209,
31101.04,30010,
31101.04,31100,
31101.04,31209,
31101.05,30010,
31101.05,31100,
31101.05,31102,
31101.05,31201,
31101.05,31209,
31101.05,31303,
31102.00,30010,
31102.00,31100,
31102.00,31201,
31102.00,31209,
31102.00,31302,
31102.00,31303,
31103.00,21110,
31103.00,32104,
31110.01,32110,
31110.01,32111,
31110.01,32112,
31110.01,33100,
31110.02,32110,
31110.02,32111,
31110.02,32112,
31110.02,33100,
31110.03,32110,
31110.03,32111,
31110.03,32112,
31110.03,33100,
31110.04,32110,
31110.04,32111,
31110.04,32112,
31110.04,33100,
31111.00,32100,
31112.01,30010,
31112.02,30010,
31120.01,21101,
31120.01,32124,
31120.01,33103,
31120.02,21101,
31120.02,32124,
31120.02,33103,
31204.01,31203,
31204.01,41301,
31204.02,31202,
31204.02,41406,
31209.01,31100,
31209.01,31101,
31209.01,31201,
31209.02,31100,
31209.02,31101,
31209.02,31201,
31209.03,31100,
31209.03,31102,
31209.04,31101,
31300.00,30010,
31301.01,31300,
31301.01,31302,
31301.02,31300,
31301.03,31300,
31301.03,31302,
31301.04,31300,
31301.04,31302,
31301.05,31300,
31301.05,31302,
31301.06,31300,
31301.06,31302,
31302.00,30010,
31302.00,31100,
31302.00,31101,
31302.00,31102,
31302.00,31209,
31302.00,31301,
31302.00,31303,
31303.01,30010,
31303.01,31100,
31303.01,31101,
31303.01,31102,
31303.01,31209,
31303.01,31301,
31303.01,31302,
31303.01,32200,
31303.01,32209,
31303.02,30010,
31303.02,31100,
31303.02,31101,
31303.02,31102,
31303.02,31209,
31303.02,31301,
31303.02,31302,
31303.02,32200,
31303.02,32209,
31303.03,30010,
31303.03,31100,
31303.03,31102,
31303.03,31209,
31303.04,30010,
31303.04,31100,
31303.04,31102,
31303.04,31209,
31303.05,30010,
31303.05,31100,
31303.05,31101,
31303.05,31102,
31303.05,31209,
31303.05,31301,
31303.05,32200,
31303.05,32209,
32100.00,31111,
32100.00,33109,
32100.00,60020,
32101.01,33102,
32101.01,44101,
32101.02,33102,
32103.01,32109,
32103.02,32109,
32103.02,32129,
32103.03,32129,
32104.00,65220,
32109.01,32101,
32109.01,32102,
32109.01,32120,
32109.01,32124,
32109.01,32129,
32109.01,33101,
32109.01,33109,
32109.02,32101,
32109.02,32102,
32109.02,32129,
32109.02,32209,
32109.02,33101,
32109.02,33109,
32109.03,32100,
32109.03,32120,
32109.03,32129,
32109.03,33101,
32109.03,33109,
32109.04,31202,
32109.04,32101,
32109.04,32200,
32109.04,32201,
32109.04,32209,
32109.04,33101,
32109.04,33109,
32109.05,31202,
32109.05,32101,
32109.05,32102,
32109.05,32103,
32109.05,32200,
32109.05,32201,
32109.05,32209,
32109.05,33101,
32109.05,33109,
32110.00,31110,
32110.00,32111,
32110.00,32112,
32110.00,33100,
32111.01,31110,
32111.01,32110,
32111.01,32112,
32111.01,33100,
32111.02,31110,
32111.02,32110,
32111.02,32112,
32111.02,33100,
32112.00,32110,
32112.00,32111,
32112.00,33100,
32120.00,22100,
32120.00,22110,
32120.00,33101,
32121.01,32103,
32121.01,32104,
32121.01,32120,
32121.01,32122,
32121.01,32123,
32121.01,32129,
32121.02,32103,
32121.02,32104,
32121.02,32120,
32121.02,32122,
32121.02,32123,
32121.02,32124,
32121.02,32129,
32121.03,32103,
32121.03,32120,
32121.03,32122,
32121.03,32123,
32121.03,32129,
32121.04,32103,
32121.04,32104,
32121.04,32120,
32121.04,32122,
32121.04,32123,
32121.04,32129,
32122.00,32121,
32124.00,33103,
32129.01,32103,
32129.01,32104,
32129.01,32109,
32129.01,32124,
32129.01,33101,
32129.02,32109,
32129.02,32120,
32129.02,32124,
32129.02,33101,
32129.03,32104,
32129.03,32109,
32129.03,32120,
32129.03,32122,
32129.03,32123,
32129.03,33101,
32129.04,32104,
32129.04,32109,
32129.04,32120,
32129.04,32122,
32129.04,32123,
32129.04,33101,
32200.01,31201,
32200.01,31202,
32200.01,31209,
32200.01,32201,
32200.02,31201,
32200.02,31202,
32200.02,31209,
32200.02,32201,
32201.00,32100,
32201.00,32101,
32201.00,32102,
32201.00,32103,
32201.00,32104,
32201.00,32109,
32201.00,32120,
32201.00,32121,
32201.00,32122,
32201.00,32123,
32201.00,32129,
32201.00,32200,
32201.00,32209,
32209.01,31121,
32209.01,32200,
32209.01,32201,
32209.02,32200,
32209.03,31121,
32209.03,32200,
32209.04,32201,
32209.05,31121,
32209.05,32200,
32209.06,31121,
32209.06,32200,
33100.01,32111,
33100.01,32112,
33100.02,32111,
33100.02,32112,
33101.00,22100,
33101.00,22110,
33101.00,32120,
33102.00,32101,
33102.00,33109,
33103.00,32124,
33109.01,32109,
33109.01,32120,
33109.01,32121,
33109.01,32122,
33109.01,32123,
33109.01,32124,
33109.01,32129,
33109.01,33101,
33109.02,32109,
33109.02,32120,
33109.02,32121,
33109.02,32122,
33109.02,32123,
33109.02,32124,
33109.02,32129,
33109.02,33101,
33109.03,32109,
33109.04,32109,
33109.04,32120,
33109.04,32121,
33109.04,32122,
33109.04,32123,
33109.04,32124,
33109.04,32129,
33109.04,33101,
33109.05,32120,
33109.05,32124,
33109.05,32129,
33109.05,33101,
33109.08,32120,
33109.08,32121,
33109.08,32122,
33109.08,32123,
33109.08,32124,
33109.08,32129,
33109.08,33101,
40010.00,00011,
40010.00,30010,
40010.00,40011,
40010.00,40012,
40010.00,40019,
40010.00,40030,
40010.00,41400,
40010.00,41401,
40010.00,41402,
40010.00,41403,
40010.00,41404,
40010.00,41405,
40010.00,41406,
40010.00,41407,
40010.00,41409,
40011.00,00011,
40011.00,10010,
40011.00,40010,
40011.00,41400,
40011.00,41401,
40011.00,41402,
40011.00,41403,
40011.00,41404,
40011.00,41405,
40011.00,41406,
40011.00,41407,
40011.00,41409,
40012.00,00011,
40012.00,40010,
40012.00,40020,
40012.00,40021,
40012.00,41400,
40012.00,41401,
40012.00,41402,
40012.00,41403,
40012.00,41404,
40012.00,41405,
40012.00,41406,
40012.00,41407,
40012.00,41409,
40019.00,00011,
40019.00,10010,
40019.00,10011,
40019.00,10012,
40019.00,10019,
40019.00,40010,
40019.00,40011,
40019.00,40012,
40019.00,41400,
40019.00,41401,
40019.00,41402,
40019.00,41403,
40019.00,41404,
40019.00,41405,
40019.00,41406,
40019.00,41407,
40019.00,41409,
40020.01,40021,
40020.01,41200,
40020.02,40021,
40020.02,41200,
40020.02,60040,
40020.03,40021,
40020.03,41210,
40020.03,60040,
40021.01,40020,
40021.02,00013,
40021.02,40012,
40021.02,40020,
40021.02,41405,
40030.00,00013,
40030.00,40010,
40040.00,41310,
40040.00,42100,
40040.00,43200,
40040.00,43202,
40041.00,42101,
40042.00,42102,
40042.00,43204,
40042.00,44200,
41200.00,41201,
41200.00,41210,
41200.00,43109,
41201.01,43100,
41201.01,43109,
41201.02,43100,
41201.02,43109,
41210.00,40020,
41210.00,41200,
41210.00,41220,
41210.00,43109,
41220.00,40021,
41220.00,41210,
41220.00,41221,
41220.00,41320,
41220.00,42203,
41220.00,43100,
41220.00,43109,
41221.00,40021,
41221.00,41220,
41221.00,42202,
41221.00,43100,
41300.00,40030,
41300.00,41301,
41300.00,41320,
41300.00,42201,
41301.00,31204,
41301.00,40030,
41301.00,41300,
41301.00,41320,
41301.00,41321,
41301.00,42201,
41302.00,42204,
41310.01,40040,
41310.01,42100,
41310.02,40040,
41310.02,42100,
41310.02,64410,
41311.00,40030,
41311.00,41300,
41311.00,42201,
41311.00,43201,
41320.00,41220,
41320.00,41300,
41320.00,41301,
41320.00,41321,
41321.00,12101,
41321.00,41320,
41400.01,21100,
41400.01,21101,
41400.01,21102,
41400.01,21103,
41400.01,21109,
41400.02,21100,
41400.02,21101,
41400.02,21102,
41400.02,21103,
41400.02,21109,
41400.04,20011,
41400.04,21300,
41400.04,21301,
41400.04,21320,
41400.04,21390,
41400.04,21399,
41400.04,41404,
41400.05,21310,
41401.00,11101,
41401.00,40011,
41401.00,41402,
41402.00,11101,
41402.00,11109,
41402.00,21202,
41402.00,41401,
41403.01,40010,
41403.01,41300,
41403.01,41401,
41403.01,41402,
41403.02,41401,
41403.02,41402,
41403.03,41401,
41403.03,41402,
41403.04,41300,
41403.05,41401,
41403.06,40010,
41403.06,41401,
41403.06,41402,
41403.07,40010,
41403.07,41300,
41403.07,41401,
41403.07,41402,
41404.00,30010,
41404.00,40010,
41404.00,41403,
41404.00,41405,
41404.00,42201,
41405.00,40012,
41405.00,41210,
41405.00,41220,
41405.00,41221,
41405.00,41320,
41406.01,50012,
41406.01,54100,
41406.02,50012,
41406.02,54100,
41406.03,50012,
41406.03,54100,
41407.00,12100,
41407.00,12104,
41407.00,13100,
41407.00,41401,
41407.00,41403,
41407.00,43203,
41409.01,41210,
41409.01,41220,
41409.01,41221,
41409.01,41403,
41409.02,41210,
41409.02,41220,
41409.02,41403,
41409.03,41210,
41409.03,41220,
41409.03,41403,
41409.04,41210,
41409.04,41220,
41409.04,41403,
41409.05,41210,
41409.05,41220,
41409.05,41403,
41409.06,41210,
41409.06,41220,
41409.06,41401,
41409.06,41403,
41409.07,31200,
41409.07,41200,
41409.07,41210,
41409.07,41220,
41409.07,41403,
41409.08,21210,
41409.08,41210,
41409.08,41220,
41409.08,41401,
41409.08,41403,
41409.09,21210,
41409.09,41210,
41409.09,41220,
41409.09,41401,
41409.09,41403,
42100.00,40040,
42100.00,41310,
42100.00,43200,
42100.00,43202,
42101.00,40041,
42102.00,40042,
42102.00,43204,
42102.00,44200,
42200.01,13111,
42200.02,13111,
42200.05,13111,
42200.05,41101,
42200.05,41400,
42201.00,40030,
42201.00,41300,
42201.00,41301,
42201.00,41320,
42201.00,42203,
42202.01,41221,
42202.02,43100,
42204.00,41302,
43100.00,41201,
43100.00,41221,
43100.00,42202,
43100.00,42203,
43100.00,45100,
43109.01,41210,
43109.01,41220,
43109.01,41221,
43109.02,41210,
43109.02,41220,
43109.02,41221,
43109.03,41210,
43109.03,41220,
43109.03,41221,
43109.04,41210,
43109.04,41220,
43109.04,41221,
43200.00,14103,
43200.00,41311,
43200.00,43201,
43201.00,40030,
43201.00,41300,
43201.00,41311,
43202.01,12104,
43202.01,22231,
43202.01,22232,
43202.01,42100,
43202.01,43200,
43202.02,12104,
43202.02,22232,
43202.02,42100,
43202.02,43200,
43202.03,42100,
43202.04,22232,
43202.05,22232,
43202.05,42100,
43202.06,42100,
43202.07,42100,
43202.08,22231,
43202.08,42100,
43203.01,41403,
43203.02,12104,
43203.02,40010,
43203.02,40011,
43204.00,40042,
43204.00,42102,
43204.00,44200,
44100.02,42202,
44101.00,44100,
44200.00,40042,
44200.00,42102,
44200.00,43204,
45100.01,43100,
45100.02,64410,
50010.00,51100,
50010.00,51101,
50010.00,51102,
50011.00,00014,
50011.00,51120,
50012.00,41406,
50012.00,53201,
50012.00,53202,
50012.00,54100,
51110.00,51111,
51110.00,51113,
51111.01,11202,
51111.01,51110,
51111.01,51112,
51111.01,51113,
51111.01,51114,
51111.02,11202,
51111.02,51110,
51111.02,51112,
51111.02,51113,
51111.02,51114,
51111.03,11202,
51111.03,51110,
51111.03,51112,
51111.03,51113,
51111.03,51114,
51112.00,51110,
51112.00,51111,
51112.00,51113,
51112.00,51114,
51112.00,51121,
51113.00,51110,
51113.00,51111,
51113.00,52114,
51113.00,53110,
51114.01,51110,
51114.01,51111,
51114.02,51110,
51114.02,51111,
51114.03,51110,
51114.03,51111,
51114.04,51110,
51114.04,51111,
51120.01,50011,
51120.01,52110,
51120.01,52111,
51120.01,52112,
51120.01,52113,
51120.01,52114,
51120.01,52119,
51120.01,53110,
51120.01,53111,
51120.02,50011,
51120.02,52110,
51120.02,52111,
51120.02,52112,
51120.02,52113,
51120.02,52114,
51120.02,52119,
51120.02,53110,
51120.02,53111,
51120.03,50011,
51120.03,52110,
51120.03,52111,
51120.03,52112,
51120.03,52113,
51120.03,52114,
51120.03,52119,
51120.03,53110,
51120.03,53111,
51120.04,50011,
51120.04,52110,
51120.04,52111,
51120.04,52112,
51120.04,52113,
51120.04,52114,
51120.04,52119,
51120.04,53110,
51120.04,53111,
51120.05,50011,
51120.05,52110,
51120.05,52111,
51120.05,52112,
51120.05,52113,
51120.05,52114,
51120.05,52119,
51120.05,53110,
51120.05,53111,
51120.06,50011,
51120.06,52110,
51120.06,52111,
51120.06,52112,
51120.06,52113,
51120.06,52114,
51120.06,52119,
51120.06,53110,
51120.06,53111,
51120.07,50011,
51120.07,52110,
51120.07,52111,
51120.07,52112,
51120.07,52113,
51120.07,52114,
51120.07,52119,
51120.07,53110,
51120.07,53111,
51121.01,51120,
51121.01,51122,
51121.02,51120,
51121.02,51122,
51121.03,51120,
51121.03,51122,
51122.01,51121,
51122.02,51121,
51122.03,51121,
52100.01,12112,
52100.01,14300,
52100.01,51100,
52100.01,51102,
52100.02,12112,
52100.02,14300,
52100.02,51100,
52100.02,51102,
52110.00,52113,
52110.00,53110,
52111.00,14301,
52111.00,52120,
52111.00,94151,
52112.00,52110,
52112.00,52113,
52112.00,52119,
52113.00,52110,
52113.00,52112,
52113.00,52119,
52114.00,53111,
52119.01,52110,
52119.01,52112,
52119.01,52113,
52119.01,53111,
52119.02,52112,
52119.02,52113,
52119.02,53111,
52119.03,52110,
52119.03,52112,
52119.03,52113,
52119.03,53111,
52119.04,53111,
52119.05,53111,
52119.06,53111,
52119.06,53123,
52119.07,53111,
52120.01,52111,
52120.01,52121,
52120.01,53122,
52120.02,52111,
52120.02,52121,
52120.02,53122,
52121.00,22211,
52121.00,52120,
52121.00,53123,
52121.00,73112,
53100.01,64320,
53100.02,64320,
53100.04,64320,
53110.00,52110,
53111.01,52110,
53111.01,52112,
53111.01,52113,
53111.01,52119,
53111.02,52110,
53111.02,52112,
53111.02,52113,
53111.02,52119,
53111.03,52119,
53111.04,52113,
53111.05,52119,
53111.06,52119,
53111.07,52112,
53111.07,52119,
53120.01,55109,
53120.02,55109,
53121.01,52114,
53121.01,55109,
53121.03,51122,
53121.03,52114,
53121.03,53120,
53121.03,55109,
53122.01,52120,
53122.01,53124,
53122.02,52120,
53122.02,53124,
53123.01,22211,
53123.01,52121,
53123.02,52120,
53123.02,53125,
53123.02,64200,
53124.01,53122,
53124.01,72311,
53124.02,53122,
53124.03,53122,
53124.03,62202,
53124.04,53122,
53124.05,53122,
53124.06,53122,
53124.07,53122,
53124.07,94131,
53124.08,53122,
53124.09,53122,
53125.00,92015,
53200.00,53201,
53200.00,53202,
53201.01,53200,
53201.01,53202,
53201.01,54100,
53201.02,53200,
53201.02,53202,
53201.02,54100,
53202.00,53201,
53202.00,54100,
54100.01,43109,
54100.01,50012,
54100.02,43109,
55109.01,51122,
55109.01,53120,
55109.01,53121,
55109.02,53121,
55109.03,53121,
55109.04,51122,
55109.04,53120,
55109.04,53121,
60010.00,00014,
60010.00,10022,
60010.00,60020,
60010.00,62100,
60020.00,10020,
60020.00,10022,
60020.00,60030,
60020.00,62010,
60030.00,00014,
60030.00,31121,
60030.00,62020,
60030.00,62200,
60031.00,10022,
60031.00,60020,
60031.00,60030,
60031.00,62021,
60031.00,70012,
60040.00,10029,
60040.00,60020,
60040.00,60031,
60040.00,62010,
60040.00,62021,
60040.00,62024,
62010.00,60020,
62020.00,60030,
62020.00,64300,
62021.00,60031,
62021.00,70012,
62022.00,60031,
62022.00,62020,
62023.01,10021,
62023.01,10029,
62023.01,12011,
62023.01,62010,
62023.02,62010,
62024.00,62021,
62024.00,65311,
62029.00,60040,
62029.00,62010,
62029.00,62021,
62029.00,62024,
62100.00,10022,
62100.00,64100,
62100.00,64101,
62101.00,12102,
62200.01,60030,
62200.01,63200,
62200.02,63200,
62200.02,65201,
62200.03,60030,
62200.03,63200,
62201.02,00014,
62201.02,41301,
62201.02,65329,
63100.00,12011,
63100.00,12202,
63101.00,10020,
63101.00,12203,
63102.00,11109,
63102.00,14201,
63102.00,64400,
63200.00,62200,
63200.00,65201,
63211.01,63210,
63211.01,64201,
63211.02,63210,
63211.02,64201,
63211.03,52119,
63211.03,63210,
63211.03,64201,
63211.04,52119,
63211.04,63210,
63211.04,64201,
63211.05,63210,
63211.06,52119,
63211.06,63210,
63211.06,64201,
63211.07,52119,
63211.07,63210,
63211.07,64201,
63221.00,94210,
64100.01,65100,
64100.02,65100,
64101.00,10022,
64101.00,62100,
64101.00,64100,
64200.02,53123,
64200.03,53123,
64201.01,43109,
64201.01,63210,
64201.02,43109,
64201.02,63210,
64201.02,63211,
64201.02,65229,
64201.03,43109,
64201.03,63210,
64201.03,63211,
64300.00,62020,
64300.00,65200,
64301.00,65200,
64310.00,60020,
64311.01,65210,
64311.02,65210,
64311.03,65210,
64312.01,62022,
64312.01,64310,
64312.01,64313,
64312.02,62022,
64312.02,64310,
64312.02,64313,
64312.02,65210,
64312.03,64313,
64312.03,65210,
64313.01,64312,
64313.02,62022,
64313.02,64310,
64313.02,64312,
64314.00,64310,
64320.01,60040,
64320.02,60040,
64321.00,65211,
64322.00,54100,
64322.00,64320,
64400.00,12011,
64400.00,14201,
64400.00,63102,
64400.00,64409,
64401.00,72025,
64401.00,74100,
64401.00,74101,
64401.00,74102,
64409.00,14101,
64409.00,62023,
64409.00,64100,
64409.00,64312,
64409.00,64400,
64410.01,43201,
64410.02,10029,
64410.02,41310,
64410.02,43201,
64410.02,62029,
64410.03,10029,
64410.03,41310,
64410.03,43201,
64410.03,62029,
64410.04,41310,
64410.05,10029,
64410.05,41310,
64410.05,43201,
64410.05,62029,
65100.00,64100,
65100.00,64400,
65100.00,65101,
65101.00,62010,
65102.00,62010,
65102.00,64100,
65102.00,65100,
65102.00,65109,
65102.00,75101,
65109.01,65100,
65109.02,62010,
65109.02,65100,
65109.03,60020,
65109.03,62010,
65109.03,64100,
65109.03,65100,
65200.00,60030,
65200.00,62020,
65200.00,64300,
65201.01,62020,
65201.01,62200,
65201.01,63200,
65201.01,65200,
65201.02,62200,
65201.02,63200,
65201.03,62020,
65201.03,62200,
65201.03,63200,
65201.03,65200,
65201.04,62020,
65201.04,62200,
65201.04,63200,
65201.04,65200,
65202.00,63201,
65202.00,94141,
65210.01,64314,
65210.01,74202,
65210.02,53111,
65210.02,64314,
65210.02,74202,
65210.02,75101,
65210.03,53111,
65210.03,75101,
65211.01,62029,
65211.01,64321,
65211.01,65229,
65211.01,65329,
65211.02,54100,
65211.02,62029,
65211.02,64321,
65211.02,65229,
65211.02,65329,
65220.00,84120,
65229.00,32201,
65229.00,64201,
65310.01,62024,
65310.01,65311,
65310.01,65312,
65310.02,62024,
65310.02,65311,
65310.02,65312,
65311.01,62024,
65311.01,65310,
65311.01,65312,
65311.02,62024,
65311.03,62024,
65311.04,62024,
65311.05,62024,
65312.00,62024,
65312.00,65310,
65312.00,65311,
65312.00,73201,
65320.02,60040,
65320.02,62029,
65320.02,64200,
65329.01,62029,
65329.02,62029,
65329.03,62029,
65329.04,62029,
65329.05,62029,
65329.06,62029,
65329.06,65211,
65329.07,62029,
70010.00,00015,
70010.00,70011,
70011.00,00015,
70011.00,70010,
70012.01,10010,
70012.01,10011,
70012.01,10012,
70012.01,10019,
70012.01,13101,
70012.02,72020,
70020.01,00015,
70020.02,00015,
72010.00,92020,
72010.00,92023,
72012.00,72014,
72013.00,70010,
72013.00,70011,
72013.00,92022,
72014.00,72012,
72014.00,72013,
72021.00,82010,
72024.00,72023,
72025.00,70021,
72100.01,72010,
72100.01,72101,
72100.01,94106,
72100.02,72010,
72100.02,72101,
72100.02,94106,
72101.01,72100,
72101.01,94101,
72101.01,94106,
72101.02,72100,
72101.02,94101,
72101.02,94106,
72102.00,72103,
72102.00,72104,
72102.00,72105,
72102.00,94105,
72103.00,72104,
72103.00,72105,
72103.00,72106,
72104.00,72103,
72104.00,72106,
72104.00,94105,
72105.00,72103,
72105.00,72104,
72200.00,72201,
72200.00,72202,
72200.00,72422,
72201.00,72202,
72202.00,72200,
72202.00,72201,
72202.00,72203,
72202.00,72422,
72203.00,72202,
72203.00,72204,
72204.00,72011,
72204.00,72203,
72204.00,72205,
72205.01,22311,
72205.01,72011,
72205.01,72204,
72205.02,22311,
72205.02,72011,
72205.02,72204,
72205.03,22311,
72205.03,72011,
72205.03,72204,
72205.04,22311,
72205.04,72011,
72205.04,72204,
72205.05,22311,
72205.05,72011,
72205.05,72204,
72300.00,72301,
72300.00,72302,
72301.01,72300,
72301.01,72302,
72301.01,73200,
72301.02,72300,
72301.02,73200,
72302.00,72300,
72302.00,72301,
72302.00,72421,
72310.00,72311,
72310.00,94124,
72311.00,72310,
72311.00,94124,
72320.00,73100,
72320.00,73101,
72400.01,22312,
72400.01,72401,
72400.02,22312,
72400.02,72401,
72401.00,72400,
72404.01,22313,
72404.01,93200,
72404.02,22313,
72404.02,93200,
72405.00,72106,
72405.00,94203,
72405.00,94204,
72410.01,72401,
72410.01,72411,
72410.01,92020,
72410.01,94200,
72410.02,72401,
72410.02,72411,
72410.02,92020,
72410.02,94200,
72410.03,72401,
72410.03,72411,
72410.03,92020,
72410.03,94200,
72411.00,72410,
72411.00,92020,
72420.00,72302,
72420.00,72402,
72421.01,22311,
72421.01,72020,
72421.01,72402,
72421.01,72429,
72421.01,73200,
72421.02,22311,
72421.02,72020,
72421.02,72302,
72421.02,72402,
72421.02,73200,
72422.00,72201,
72422.00,94203,
72423.01,72429,
72423.02,72429,
72429.00,72020,
72429.00,72421,
72429.00,72423,
72500.00,72021,
72500.00,73400,
72500.00,83100,
72501.00,72021,
72501.00,73402,
72501.00,83101,
72600.01,72601,
72600.02,72601,
72601.01,72604,
72601.02,72604,
72601.03,72604,
72602.00,72603,
72602.00,74201,
72602.00,83120,
72603.00,70020,
72603.00,72602,
72603.00,74201,
72604.01,72023,
72604.02,72023,
72999.01,42100,
72999.01,72106,
72999.01,72410,
72999.01,72411,
72999.01,72423,
72999.01,72429,
72999.02,72410,
72999.02,72411,
72999.02,72423,
72999.02,72429,
72999.03,72410,
72999.03,72411,
72999.03,72423,
72999.03,72429,
72999.04,72429,
72999.05,72106,
73100.00,72014,
73100.00,72320,
73100.00,94103,
73101.00,72320,
73101.00,73102,
73102.01,72014,
73102.02,72014,
73102.03,72014,
73111.00,94102,
73112.00,53122,
73112.00,94213,
73200.00,72014,
73200.00,72301,
73200.00,72421,
73201.00,65312,
73201.00,73200,
73201.00,73209,
73209.00,72014,
73300.01,72024,
73300.02,72024,
73300.02,74205,
73300.02,75201,
73301.01,72024,
73301.02,72024,
73301.03,72024,
73310.01,72023,
73310.02,72023,
73311.01,72023,
73311.01,73310,
73311.02,72023,
73400.00,72021,
73400.00,72500,
73400.00,83100,
73400.00,83110,
73401.00,72022,
73402.01,72501,
73402.02,72501,
74100.01,64401,
74100.01,72025,
74100.02,64401,
74100.02,72025,
74100.02,74101,
74100.02,74102,
74101.00,64401,
74101.00,74100,
74101.00,74102,
74102.00,72025,
74102.00,74101,
74102.00,75201,
74200.01,72021,
74200.01,72023,
74200.01,73311,
74200.01,75211,
74200.02,72021,
74200.02,72023,
74200.02,73311,
74200.02,75211,
74201.01,72603,
74201.02,72602,
74201.02,72603,
74201.02,84121,
74202.00,75101,
74203.00,72020,
74203.00,72401,
74203.00,72410,
74204.01,92011,
74204.01,92101,
74204.02,72302,
74204.02,92011,
74205.00,73300,
74205.00,73400,
74205.00,75212,
74205.00,85121,
75101.01,14401,
75101.01,72021,
75101.01,75100,
75101.02,14401,
75101.02,72021,
75101.02,73400,
75101.02,75100,
75110.00,75119,
75110.00,75212,
75119.00,75110,
75200.01,72024,
75200.02,72024,
75201.00,14404,
75201.00,74102,
75210.01,72602,
75210.01,74201,
75210.02,72602,
75210.02,74201,
75210.03,72602,
75210.03,74201,
75210.04,72602,
75210.04,74201,
75211.01,75101,
75211.02,75101,
75212.00,74205,
80010.00,00015,
80010.00,20011,
80010.00,80020,
80010.00,82010,
80010.00,82020,
80010.00,82021,
80010.00,83120,
80020.00,80021,
80020.00,82030,
80021.00,80020,
80021.00,85103,
80022.00,22110,
80022.00,85102,
82010.00,22112,
82010.00,80010,
82010.00,83110,
82010.00,84110,
82010.00,84111,
82021.00,22101,
82021.00,80010,
82021.00,83101,
82021.00,84101,
82030.01,65220,
82030.01,73202,
82030.01,80020,
82030.01,80021,
82030.01,84120,
82030.01,85100,
82030.01,85101,
82030.02,80020,
82030.02,80021,
82031.00,21201,
82031.00,22114,
82031.00,72014,
82031.00,72021,
82031.00,80020,
82031.00,80021,
83100.00,73402,
83100.00,82020,
83100.00,84100,
83100.00,85110,
83101.01,72501,
83101.01,84101,
83101.02,72501,
83101.02,82021,
83101.02,84101,
83110.00,73300,
83110.00,73400,
83110.00,82010,
83110.00,84110,
83110.00,84111,
83120.00,72602,
83120.00,72603,
83120.00,83121,
83121.00,83120,
83121.00,84121,
84100.00,73402,
84100.00,83100,
84100.00,85110,
84101.01,82021,
84101.01,83101,
84101.01,85111,
84101.02,82021,
84101.02,83101,
84101.02,85111,
84110.00,83110,
84110.00,84111,
84110.00,85120,
84111.00,21111,
84111.00,22112,
84111.00,82010,
84111.00,84110,
84111.00,85120,
84120.01,80020,
84120.01,82030,
84120.01,85100,
84120.02,80020,
84120.02,82030,
84120.02,85101,
84121.00,72602,
84121.00,83120,
84121.00,83121,
85100.00,80020,
85100.00,82030,
85100.00,84120,
85101.00,80020,
85101.00,82030,
85101.00,84120,
85102.00,80022,
85102.00,83121,
85102.00,84121,
85103.00,80021,
85103.00,82031,
85103.00,84111,
85103.00,85101,
85103.00,85121,
85110.00,83100,
85110.00,84100,
85111.00,83101,
85111.00,84101,
85120.00,83110,
85120.00,84110,
85120.00,84111,
85121.00,22114,
85121.00,73200,
85121.00,74205,
85121.00,75119,
85121.00,75212,
85121.00,85103,
90010.00,00015,
90010.00,70012,
90010.00,70020,
90010.00,90011,
90011.01,00015,
90011.01,70012,
90011.02,00015,
90011.02,70012,
90011.03,00015,
90011.03,70012,
90011.04,00015,
90011.04,70012,
90011.05,00015,
90011.05,70012,
92010.00,82020,
92010.00,92023,
92011.00,72011,
92013.00,94111,
92013.00,94112,
92013.00,94212,
92013.00,95104,
92014.00,90010,
92020.00,94200,
92021.00,22310,
92021.00,22311,
92021.00,72011,
92021.00,94201,
92021.00,94202,
92021.00,94203,
92022.00,72013,
92022.00,72311,
92022.00,94124,
92022.00,94210,
92023.00,72010,
92023.00,92020,
92023.00,92021,
92024.00,94219,
92024.00,95109,
92100.02,92011,
92101.01,21320,
92101.01,22100,
92101.01,74204,
92101.01,92011,
92101.02,21320,
92101.02,22100,
92101.02,74204,
92101.02,92011,
93101.00,92011,
93101.00,94110,
93102.00,92014,
93102.00,94121,
93200.02,72404,
94100.00,92010,
94100.00,93100,
94100.00,94101,
94100.00,94102,
94100.00,94103,
94100.00,94104,
94100.00,95100,
94101.01,92010,
94101.01,93100,
94101.01,95100,
94101.02,92010,
94101.02,95100,
94101.03,95100,
94102.01,73111,
94102.01,92010,
94102.01,95100,
94102.02,73111,
94102.02,92010,
94102.02,95100,
94102.03,73111,
94102.03,92010,
94102.03,95100,
94102.04,73111,
94102.04,95100,
94103.01,73100,
94103.01,95100,
94103.02,73100,
94103.02,92010,
94103.02,95100,
94103.03,73100,
94103.03,92010,
94103.03,95100,
94104.00,22100,
94104.00,22230,
94104.00,92010,
94104.00,93100,
94104.00,94100,
94105.01,72102,
94105.01,72104,
94105.01,92023,
94105.02,72102,
94105.02,72104,
94105.02,92023,
94107.00,92023,
94107.00,94105,
94107.00,94106,
94110.00,92011,
94110.00,93101,
94111.01,92013,
94111.01,94112,
94111.01,94212,
94111.01,95104,
94111.02,92013,
94111.02,94112,
94111.02,94212,
94111.02,95104,
94111.03,92013,
94111.03,94112,
94111.03,94212,
94111.03,95104,
94111.04,92013,
94111.04,94112,
94111.04,94212,
94111.04,95104,
94112.01,92013,
94112.01,94111,
94112.01,94212,
94112.01,95104,
94112.02,92013,
94112.02,94111,
94112.02,94212,
94112.02,95104,
94112.03,92013,
94112.03,94111,
94112.03,94212,
94112.03,95104,
94120.00,92014,
94120.00,94123,
94120.00,94124,
94120.00,94129,
94120.00,95103,
94121.00,92014,
94121.00,93102,
94121.00,94122,
94121.00,95103,
94122.00,73401,
94122.00,94121,
94122.00,94150,
94123.01,92014,
94123.02,92014,
94124.00,72310,
94124.00,72311,
94129.00,92014,
94129.00,94120,
94129.00,95103,
94130.01,92015,
94131.00,92015,
94131.00,94132,
94132.00,63220,
94132.00,64200,
94132.00,94133,
94133.00,92015,
94140.01,63202,
94140.01,65202,
94140.01,92012,
94140.01,94141,
94140.01,94142,
94140.01,94143,
94140.01,95106,
94140.01,95107,
94140.02,63202,
94140.02,65202,
94140.02,92012,
94140.02,94141,
94140.02,94142,
94140.02,94143,
94140.02,95106,
94140.02,95107,
94141.01,95106,
94141.02,95106,
94141.03,95106,
94142.01,92012,
94142.01,95107,
94142.02,92012,
94142.02,95107,
94143.00,22111,
94143.00,92012,
94150.00,72022,
94150.00,73401,
94151.01,52111,
94151.01,52120,
94151.01,94153,
94151.02,52120,
94151.02,72022,
94151.03,52111,
94151.03,52120,
94151.03,72022,
94152.00,72022,
94152.00,73401,
94152.00,95109,
94200.01,92020,
94200.02,94204,
94201.01,22310,
94201.01,22311,
94201.01,92021,
94201.02,94202,
94202.01,72421,
94202.01,72422,
94202.01,92021,
94202.02,94201,
94202.02,94203,
94202.02,94205,
94203.01,94202,
94203.02,22310,
94203.02,72422,
94203.03,94202,
94204.01,72405,
94204.01,92023,
94204.02,93200,
94204.02,94200,
94205.01,92021,
94205.02,94202,
94210.01,63221,
94210.01,92022,
94210.01,94124,
94210.02,63221,
94210.02,92022,
94210.02,94124,
94210.03,63221,
94210.03,92022,
94210.03,94124,
94210.04,94211,
94211.01,72310,
94211.01,72311,
94211.01,92024,
94211.01,94124,
94211.02,94210,
94212.01,92013,
94212.01,94111,
94212.01,94112,
94212.01,95104,
94212.02,92013,
94212.02,94111,
94212.02,94112,
94212.02,95104,
94213.01,73112,
94213.02,72411,
94213.02,73112,
94213.02,92013,
94213.02,92020,
94213.02,92023,
94213.02,94106,
94213.02,94210,
94219.01,92024,
94219.02,53124,
94219.02,72104,
94219.02,72310,
94219.02,72423,
94219.02,92024,
94219.02,95109,
95100.00,92010,
95100.00,94100,
95100.00,94101,
95100.00,94102,
95100.00,94103,
95100.00,94104,
95100.00,94105,
95100.00,94106,
95100.00,94107,
95100.00,95101,
95101.00,95100,
95102.00,74204,
95102.00,92011,
95102.00,92101,
95102.00,93101,
95102.00,94110,
95103.00,92014,
95103.00,94120,
95103.00,94121,
95103.00,94122,
95103.00,94123,
95103.00,94124,
95103.00,94129,
95104.00,92013,
95104.00,94111,
95104.00,94112,
95104.00,94212,
95105.01,63220,
95105.01,63221,
95105.01,64200,
95105.01,92015,
95105.01,92024,
95105.01,94130,
95105.01,94131,
95105.01,94132,
95105.01,94133,
95105.02,63220,
95105.02,63221,
95105.02,64200,
95105.02,92015,
95105.02,92024,
95105.02,94130,
95105.02,94131,
95105.02,94132,
95105.02,94133,
95105.03,63221,
95105.03,64200,
95105.03,92015,
95105.03,92024,
95105.03,94130,
95105.03,94131,
95105.03,94132,
95105.03,94133,
95105.04,63220,
95105.04,63221,
95105.04,64200,
95105.04,92015,
95105.04,92024,
95105.04,94130,
95105.04,94131,
95105.04,94132,
95105.04,94133,
95106.00,92012,
95106.00,94140,
95106.00,94142,
95106.00,94143,
95106.00,95107,
95107.00,92012,
95107.00,94142,
95109.00,92015,
95109.00,92021,
95109.00,92022,
95109.00,92024,
