Code de profil professionnel SIPeC,Etiquette
00010.00,Membres des corps législatifs
00011.00,Cadres supérieurs/cadres supérieures - administration publique
00012.00,"Cadres supérieurs/cadres supérieures - services financiers, communications et autres services aux entreprises"
00013.00,"Cadres supérieurs/cadres supérieures - santé, enseignement, services sociaux et communautaires et associations mutuelles"
00014.00,"Cadres supérieurs/cadres supérieures - commerce, radiotélédiffusion et autres services"
00015.00,"Cadres supérieurs/cadres supérieures - construction, transport, production et services d'utilité publique"
10010.00,Directeurs financiers/directrices financières
10011.00,Directeurs/directrices des ressources humaines
10012.00,Directeurs/directrices des achats
10019.00,Directeurs/directrices d'autres services administratifs
10020.01,Directeurs/directrices des assurances
10020.02,Directeurs/Directrices de services immobiliers
10020.03,Directeurs/directrices des courtiers en hypothèque
10020.04,Directeurs/directrices des ventes de valeurs mobilières
10021.01,Directeurs/directrices de banques et autres services de placements
10021.02,Directeurs/directrices du crédit
10022.01,Directeurs/directrices de la publicité
10022.02,Directeurs/directrices du marketing
10022.03,Directeurs/directrices des relations publiques
10022.04,Directeurs/directrices des affaires électroniques
10029.00,Directeurs/directrices d'autres services aux entreprises
10030.00,Directeurs/directrices d'entreprises de télécommunications
11100.01,Vérificateurs/vérificatrices
11100.02,Comptables
11101.01,Analystes financiers/analystes financières
11101.02,Analystes en placements
11102.00,Conseillers financiers/conseillères financières
11103.01,Agents/agentes en valeurs et agents/agentes en placements
11103.02,Négociateurs/négociatrices en valeurs
11109.01,Inspecteurs/inspectrices et vérificateurs financiers/vérificatrices financières
11109.02,Investigateurs financiers/investigatrices financières
11109.03,Preneurs/preneuses ferme
11109.04,Agents/agentes de fiducie
11109.05,Courtiers/courtières en hypothèques
11200.00,Professionnels/professionnelles en ressources humaines
11201.00,Professionnels/professionnelles des services-conseils en gestion aux entreprises
11202.00,"Professionnels/professionnelles en publicité, en marketing et en relations publiques"
12010.00,Superviseurs/superviseures de commis de bureau et du personnel de soutien administratif
12011.00,Superviseurs/superviseures de commis de finance et d'assurance
12012.00,"Superviseurs/superviseures de commis de bibliothèque, de correspondanciers et d'autres commis à l'information"
12013.00,"Superviseurs/superviseures du personnel de coordination de la chaîne d'approvisionnement, du suivi et des horaires"
12100.00,Adjoints/adjointes de direction
12101.00,Agents/agentes des ressources humaines et de recrutement
12102.00,Agents/agentes en approvisionnement aux achats
12103.00,Planificateurs/planificatrices de congrès et d'événements
12104.01,Agents/agentes de taxes d'accise
12104.02,Agents/agentes de services de prestations gouvernementales
12110.01,Sténographes judiciaires
12110.02,Transcripteurs médicaux/transcriptrices médicales
12111.00,Personnel en gestion de l’information sur la santé
12112.00,Techniciens/techniciennes à la gestion des documents
12113.00,Agents/agentes de statistiques et professions connexes du soutien de la recherche
12200.00,Techniciens/techniciennes en comptabilité et teneurs/teneuses de livres
12201.01,Experts/expertes en sinistres
12201.02,Rédacteurs/rédactrices sinistres
12202.00,Assureurs/assureures
12203.01,Estimateurs/estimatrices
12203.02,Experts/expertes en évaluation d'entreprise
12203.03,Évaluateurs/évaluatrices
13100.00,Agents/agentes d'administration
13101.00,Agents/agentes de gestion immobilière
13102.00,Administrateurs/administratrices de la paye
13110.00,Adjoints administratifs/adjointes administratives
13111.00,Adjoints administratifs juridiques/adjointes administratives juridiques
13112.00,Adjoints administratifs médicaux/adjointes administratives médicales
13200.01,Courtiers/courtières en douanes
13200.02,Courtiers maritimes/courtières maritimes
13201.01,Coordonnateurs/coordonnatrices de la logistique de la production
13201.02,Coordonnateurs/coordonnatrices de la logistique du transport
14100.01,Employés de bureau – soutien général
14100.02,Commis au classement
14101.01,Réceptionnistes
14101.02,Employés à l'admission dans un hôpital
14101.03,Standardistes et téléphonistes au service des abonnés absents
14101.04,Téléphonistes
14102.00,Commis des services du personnel
14103.00,Commis des services judiciaires et autres professions des services judiciaires
14110.01,Intervieweurs/intervieweuses pour enquêtes
14110.02,Commis aux statistiques
14111.00,Commis à la saisie de données
14112.01,Opérateurs/opératrices d'équipement d'éditique
14112.02,Préposés à la saisie et la sortie des données (composition)
14200.00,Commis à la comptabilité et personnel assimilé
14201.01,Commis de banque
14201.02,Commis d'assurance
14201.03,Autres commis de services financiers
14202.00,Commis de recouvrement
14300.00,Commis et assistants/assistantes dans les bibliothèques
14301.01,Commis aux petites annonces
14301.02,Correspondanciers/correspondancières
14301.03,Correcteurs/correctrices d'épreuves et les adjoints/adjointes à la rédaction
14301.04,Lecteurs/lectrices de manuscrits et préposés/préposées aux coupures de journaux
14301.05,Commis aux règlements
14400.00,Expéditeurs/expéditrices et réceptionnaires
14401.00,Magasiniers/magasinières et commis aux pièces
14402.00,Travailleurs/travailleuses de la logistique de la production
14403.01,Commis aux achats
14403.02,Commis au contrôle de l'inventaire
14404.00,Répartiteurs/répartitrices
14405.00,Horairistes de trajets et d'équipages
20010.00,Directeurs/directrices des services de génie
20011.01,Directeurs/directrices des services d’architecture et d’urbanisme
20011.02,Directeurs/directrices de service des sciences
20012.00,Gestionnaires des systèmes informatiques
21100.01,Physiciens/physiciennes
21100.02,Astronomes
21101.00,Chimistes
21102.01,Géoscientifiques
21102.02,Océanographes
21103.00,Météorologues et climatologues
21109.01,Métallurgistes
21109.02,Spécialistes des matériaux
21109.03,Scientifiques en science du sol
21109.04,Astronautes
21110.01,Biologistes
21110.02,Microbiologistes et biologistes cellulaires et moléculaires
21111.00,Professionnels/professionnelles des sciences forestières
21112.00,"Agronomes, conseillers/conseillères et spécialistes en agriculture"
21120.00,Professionnels/professionnelles de la santé et sécurité publique et environnementale
21200.00,Architectes
21201.00,Architectes paysagistes
21202.00,Urbanistes et planificateurs/planificatrices de l'utilisation des sols
21203.00,Arpenteurs-géomètres/arpenteuses-géomètres
21210.01,Mathématiciens/mathématiciennes
21210.02,Statisticiens/statisticiennes
21210.03,Actuaires
21211.00,Scientifiques de données
21220.00,Spécialistes de la cybersécurité
21221.00,Spécialistes des systèmes commerciaux
21222.00,Spécialistes en informatique
21223.01,Analystes de bases de données
21223.02,Administrateurs/administratrices de données
21230.00,Développeurs/développeuses et programmeurs/programmeuses de systèmes informatiques
21231.00,Ingénieurs/ingénieures et concepteurs/conceptrices en logiciel
21232.00,Développeurs/développeuses et programmeurs/programmeuses de logiciels
21233.00,Concepteurs/conceptrices Web
21234.00,Développeurs/développeuses et programmeurs/programmeuses Web
21300.00,Ingénieurs civils/ingénieures civiles
21301.00,Ingénieurs mécaniciens/ingénieures mécaniciennes
21310.00,Ingénieurs électriciens et électroniciens/ingénieures électriciennes et électroniciennes
21311.01,Ingénieurs informaticiens/ingénieures informaticiennes et ingénieurs/ingénieures en matériel de télécommunications
21311.02,Ingénieurs/ingénieures en systèmes de réseaux et ingénieurs/ingénieures de la communication de données
21320.00,Ingénieurs chimistes/ingénieures chimistes
21321.00,Ingénieurs/ingénieures d'industrie et de fabrication
21322.00,Ingénieurs/ingénieures métallurgistes et des matériaux
21330.00,Ingénieurs miniers/ingénieures minières
21331.00,Ingénieurs/ingénieures géologiques
21332.00,Ingénieurs/ingénieures de l'extraction et du raffinage du pétrole
21390.00,Ingénieurs/ingénieures en aérospatiale
21399.01,Ingénieurs agricoles/ingénieures agricoles et en bio-ressources
21399.02,Ingénieurs biomédicaux/ingénieures biomédicales
21399.03,Ingénieurs physiciens/ingénieures physiciennes et scientifiques en génie
21399.04,Ingénieurs navals/ingénieures navales
21399.05,Ingénieurs/ingénieures en textiles
22100.01,Technologues en chimie
22100.02,Techniciens/techniciennes en chimie
22101.01,Technologues en géologie et en minéralogie
22101.02,Techniciens/techniciennes en géologie et en minéralogie
22110.01,Technologues en biologie
22110.02,Techniciens/techniciennes en biologie
22111.01,Inspecteurs/inspectrices du poisson et des produits de la pêche
22111.02,Inspecteurs/inspectrices de fruits et de légumes
22111.03,Inspecteurs/inspectrices de produits céréaliers
22111.04,Inspecteurs/inspectrices de viandes
22111.05,Inspecteurs/inspectrices en protection des végétaux
22112.00,Technologues et techniciens/techniciennes en sciences forestières
22113.00,Techniciens/techniciennes du milieu naturel et de la pêche
22114.01,Spécialistes des arbres et des arbustes et techniciens/techniciennes en service d'entretien d'arbres
22114.02,Responsables de l'entretien d'un terrain de golf
22114.03,Horticulteurs/horticultrices
22114.04,"Concepteurs-paysagistes/conceptrices-paysagistes, techniciens/techniciennes et technologues en architecture paysagère"
22114.05,Jardiniers-paysagistes/jardinières-paysagistes
22114.06,Paysagistes
22114.07,Spécialistes de pelouses
22210.00,Technologues et techniciens/techniciennes en architecture
22211.00,Designers industriels/designers industrielles
22212.01,Technologues en dessin
22212.02,Techniciens/techniciennes en dessin
22213.01,Technologues en arpentage et en techniques géodésiques
22213.02,Techniciens/techniciennes en arpentage et en techniques géodésiques
22214.01,Technologues et techniciens/techniciennes en cartographie
22214.02,Technologues et techniciens/techniciennes en photogrammétrie
22214.03,Technologues et techniciens en levés aériens et en télédétection
22214.04,Technologues et techniciens/techniciennes en systèmes d'information géographique (SIG)
22214.05,Technologues et techniciens/techniciennes en météorologie
22220.01,Opérateurs/opératrices en informatique et opérateurs/opératrices de réseau
22220.02,Techniciens/techniciennes Web
22221.00,Agents/agentes de soutien aux utilisateurs
22222.00,Évaluateurs/évaluatrices de systèmes informatiques
22230.00,Vérificateurs/vérificatrices et inspecteurs/inspectrices des essais non destructifs
22231.01,Inspecteurs/inspectrices des anomalies des véhicules motorisés
22231.02,Enquêteurs/enquêteuses d'accidents ferroviaires
22231.03,Inspecteurs/inspectrices de la navigabilité aérienne
22231.04,Inspecteurs/inspectrices des poids et mesures
22231.05,Vérificateurs/vérificatrices d'appareils de forage de pétrole et de gaz
22232.00,Spécialistes de l'hygiène et de la sécurité au travail
22233.00,Inspecteurs/inspectrices en construction
22300.01,Technologues en génie civil
22300.02,Techniciens/techniciennes en génie civil
22301.01,Technologues en génie mécanique
22301.02,Techniciens/techniciennes en génie mécanique
22302.01,Technologues en génie industriel et en génie de fabrication
22302.02,Techniciens/techniciennes en génie industriel et en génie de fabrication
22303.00,Estimateurs/estimatrices en construction
22310.01,Technologues en génie électronique et électrique
22310.02,Techniciens/techniciennes en génie électronique et électrique
22311.00,Électroniciens/électroniciennes d'entretien (biens domestiques et commerciaux)
22312.00,Techniciens/techniciennes et mécaniciens/mécaniciennes d'instruments industriels
22313.01,Mécaniciens/mécaniciennes et techniciens/techniciennes d'instruments d'aéronefs
22313.02,Mécaniciens/mécaniciennes et techniciens/techniciennes en équipement électrique d'aéronef
22313.03,Mécaniciens/mécaniciennes et techniciens/techniciennes en avionique
22313.04,Inspecteurs/inspectrices en avionique
30010.00,Directeurs/directrices des soins de santé
31100.01,Anesthésiologistes
31100.02,"Internistes, généralistes"
31100.03,"Pédiatres, généralistes"
31100.04,Psychiatres
31100.05,Allergologues et immunologistes
31100.06,Hospitalistes
31100.07,Neurologues
31100.08,Médecins de médecine nucléaire
31100.09,Dermatologues
31100.10,Médecins de médecine physique et de réadaptation
31100.11,Médecins de médecine préventive
31100.12,Radiologues
31100.13,Autres spécialistes en médecine clinique
31100.14,"Spécialistes en médecine de laboratoire, y compris les pathologistes"
31101.01,Chirurgiens généraux
31101.02,Obstétriciens et gynécologues
31101.03,Ophtalmologistes
31101.04,Urologues
31101.05,Autres spécialistes en chirurgie
31102.00,Omnipraticiens/omnipraticiennes et médecins en médecine familiale
31103.00,Vétérinaires
31110.01,Dentistes
31110.02,Chirurgiens buccaux et maxillo-faciaux
31110.03,Orthodontistes
31110.04,Prosthodontistes
31111.00,Optométristes
31112.01,Audiologistes
31112.02,Orthophonistes
31120.01,Pharmaciens communautaires/pharmaciennes communautaires et pharmaciens/pharmaciennes d'hôpitaux
31120.02,Pharmaciens industriels/pharmaciennes industrielles
31121.00,Diététistes et nutritionnistes
31200.00,Psychologues
31201.00,Chiropraticiens/chiropraticiennes
31202.00,Physiothérapeutes
31203.00,Ergothérapeutes
31204.01,Thérapeute par les loisirs
31204.02,Kinésiologues et spécialistes en mécanothérapie
31209.01,Docteurs en médecine podiatrique
31209.02,Podologues et podiatres diplômés ou diplômés du premier degré
31209.03,Docteurs en médecine naturopathique
31209.04,Docteurs en médecine ostéopathique
31300.00,Coordonnateurs/coordonnatrices et superviseurs/superviseures des soins infirmiers
31301.01,Infirmiers autorisés/infirmières autorisées en soins généraux
31301.02,Infirmiers/infirmières en santé du travail
31301.03,Infirmiers/infirmières en santé communautaire
31301.04,Infirmiers psychiatriques autorisés/infirmières psychiatriques autorisées
31301.05,Consultants/consultantes en soins infirmiers et chercheurs infirmiers/chercheuses infirmières en sciences infirmières
31301.06,Infirmiers cliniciens/infirmières cliniciennes
31302.00,Infirmiers praticiens/infirmières praticiennes
31303.01,Adjoints/adjointes au médecin
31303.02,Sages-femmes
31303.03,Conseillers/conseillères en génétique
31303.04,Orthoptistes
31303.05,Assistants/assistantes en pathologie
32100.00,Opticiens/opticiennes d'ordonnances
32101.01,Infirmiers auxiliaires/infirmières auxiliaires
32101.02,Techniciens de salle d'opération
32102.00,Personnel ambulancier et paramédical
32103.01,Inhalothérapeutes
32103.02,Perfusionnistes cardiovasculaires
32103.03,Technologues cardiopulmonaires
32104.00,Technologues en santé animale et techniciens/techniciennes vétérinaires
32109.01,Audioprothésistes
32109.02,Aides-orthophonistes et assistants en troubles de la communication
32109.03,Technologues et techniciens/techniciennes médicaux en ophtalmologie
32109.04,Thérapeutes en réadaptation physique
32109.05,Assistants/assistantes en physiothérapie et assistants/assistantes en ergothérapie
32110.00,Denturologistes
32111.01,Hygiénistes dentaires
32111.02,Thérapeutes dentaires
32112.00,Technologues et techniciens/techniciennes dentaires
32120.00,Technologues de laboratoires médicaux
32121.01,Technologues en radiologie
32121.02,Technologues en médecine nucléaire
32121.03,Technologues en radio-oncologie
32121.04,Technologues en résonance magnétique
32122.00,Technologues en échographie
32123.01,Technologues en cardiologie
32123.02,Technologues en électroencéphalographie (EEG) et Technologues en électromyographie (EMG)
32124.00,Techniciens/techniciennes en pharmacie
32129.01,Techniciens/techniciennes en diététique
32129.02,Ocularistes
32129.03,Prothésistes et orthésistes
32129.04,Techniciens prothésistes/techniciennes prothésistes et techniciens orthésistes/techniciennes orthésistes
32200.01,Praticiens/praticiennes de médecine traditionnelle chinoise
32200.02,Acupuncteurs/acupunctrices
32201.00,Massothérapeutes
32209.01,Herboristes
32209.02,Praticien/praticienne en médecine ostéopathique manuelle
32209.03,Homéopathes
32209.04,Réflexologues
32209.05,Nutritionniste holistique
32209.06,Naturothérapeute
33100.01,Assistants/assistantes dentaires
33100.02,Auxiliaires dans les laboratoires dentaires
33101.00,Assistants/assistantes de laboratoires médicaux et préposés/préposées techniques reliés
33102.00,"Aides-infirmiers/aides-infirmières, aides-soignants/aides-soignantes et préposés/préposées aux bénéficiaires"
33103.00,Assistants techniques/assistantes techniques en pharmacie et assistants/assistantes en pharmacie
33109.01,Techniciens/techniciennes en audiométrie
33109.02,Technologues en orthopédie
33109.03,Aides en réadaptation
33109.04,Assistants/Assistantes en ophtalmologie
33109.05,Techniciens/techniciennes et assistants/assistantes de laboratoire d'optique et d'ophtalmologie
33109.06,Techniciens/techniciennes en processus de stérilisation
33109.07,Aides dans les cliniques de collecte de sang
33109.08,Préposés à la morgue
40010.00,Gestionnaires de la fonction publique - élaboration de politiques et administration de programmes sociaux et de santé
40011.00,"Gestionnaires de la fonction publique - analyse économique, élaboration de politiques et administration de programmes"
40012.00,Gestionnaires de la fonction publique - élaboration de politiques en matière d'éducation et administration de programmes
40019.00,Autres gestionnaires de la fonction publique
40020.01,Administrateurs/administratrices de faculté
40020.02,Registraires
40020.03,Administrateurs/administratrices d'autres types d'écoles de formation professionnelle
40021.01,Directeurs/directrices d'école
40021.02,Administrateurs/administratrices de programmes d'enseignement aux niveaux primaire et secondaire
40030.00,"Directeurs/directrices des services sociaux, communautaires et correctionnels"
40040.00,Officiers/officières de direction des services de police et professions connexes des services de la protection du public
40041.00,Chefs et officiers supérieurs/officières supérieures des services d'incendie
40042.00,Officiers/officières de direction des Forces armées canadiennes
41100.00,Juges
41101.00,Avocats/avocates (partout au Canada) et notaires (au Québec)
41200.00,Professeurs/professeures et chargés/chargées de cours au niveau universitaire
41201.01,Assistants/assistantes d'enseignement au niveau postsecondaire
41201.02,Assistants/assistantes de recherche au niveau postsecondaire
41210.00,Enseignants/enseignantes au niveau collégial et autres instructeurs/instructrices en formation professionnelle
41220.00,Enseignants/enseignantes au niveau secondaire
41221.00,Enseignants/enseignantes aux niveaux primaire et préscolaire
41300.00,Travailleurs sociaux/travailleuses sociales
41301.00,Thérapeutes en counseling et thérapies spécialisées connexes
41302.00,Chefs religieux
41310.01,Enquêteurs/enquêteuses de police et autres professions d’enquête
41310.02,Coroners et médecins légistes
41311.00,Agents/agentes de probation et de libération conditionnelle
41320.00,Conseillers/conseillères en information scolaire
41321.00,Conseillers/conseillères en développement de carrière et conseillers/conseillères en orientation (sauf éducation)
41400.01,Ergonomes
41400.02,Hygiénistes industriels/hygiénistes industrielles et hygiénistes du travail
41400.03,Agents/agentes de brevets
41400.04,Agents/agentes de programmes et de politiques de la science
41400.05,Agents/agentes de transfert de technologie
41401.00,"Économistes, recherchistes et analystes des politiques économiques"
41402.00,Agents/agentes de développement économique et recherchistes et analystes en marketing
41403.01,Recherchistes en matière de politiques sociales
41403.02,Conseillers/conseillères en économie domestique
41403.03,Analystes de politiques du logement
41403.04,Consultants/consultantes en immigration et en citoyenneté
41403.05,Agents/agentes de projets d'aide et de développement internationaux
41403.06,Recherchistes pour des enquêtes sociales
41403.07,Planificateurs/planificatrices de services sociaux
41404.00,"Recherchistes, experts-conseils/expertes-conseils et agents/agentes de programmes en politiques de la santé"
41405.00,"Recherchistes, experts-conseils/expertes-conseils et agents/agentes de programmes en politiques de l'enseignement"
41406.01,"Experts-conseils en programmes sportifs, de conditionnement physique et de loisirs"
41406.02,"Analystes des politiques des sports, des loisirs et du conditionnement physique"
41406.03,"Superviseurs/superviseures des programmes de sports, de loisirs et de conditionnement physique"
41407.00,Agents/agentes de programmes propres au gouvernement
41409.01,Anthropologues
41409.02,Archéologues
41409.03,Géographes
41409.04,Historiens/historiennes
41409.05,Linguistes
41409.06,Politologues
41409.07,Psychométriciens/psychométriciennes
41409.08,Sociologues
41409.09,Autres professionnels/professionnelles des sciences sociales
42100.00,Policiers/policières (sauf cadres supérieurs)
42101.00,Pompiers/pompières
42102.00,Membres spécialisés des Forces armées canadiennes
42200.01,Techniciens juridiques/techniciennes juridiques
42200.02,Techniciens juridiques indépendants/techniciennes juridiques indépendantes
42200.03,Notaires publics/notaires publiques
42200.04,Agents/agentes de marques de commerce
42200.05,Juges de paix
42201.00,Travailleurs/travailleuses des services sociaux et communautaires
42202.01,Éducateurs/éducatrices de la petite enfance
42202.02,Aides-éducateurs/aides-éducatrices de la petite enfance
42203.00,Instructeurs/instructrices pour personnes ayant une déficience
42204.00,Travailleurs/travailleuses de la religion
43100.00,Aides-enseignants/aides-enseignantes aux niveaux primaire et secondaire
43109.01,Instructeurs/instructrices de conduite automobile
43109.02,Examinateurs/examinatrices de permis de conduire
43109.03,Professeurs/professeures de couture
43109.04,Instructeurs/instructrices d'école de mannequins
43200.00,Shérifs et huissiers/huissières de justice
43201.00,Agents/agentes de services correctionnels
43202.01,Agents/agentes de contrôle des animaux
43202.02,Agents/agentes d'application des règlements municipaux
43202.03,Inspecteurs/inspectrices du transport commercial
43202.04,Inspecteurs/inspectrices de la collecte des ordures
43202.05,Inspecteurs/inspectrices de permis d'alcool
43202.06,Agents/agentes de surveillance du stationnement
43202.07,Inspecteurs/inspectrices de taxi
43202.08,Inspecteurs/inspectrices du zonage
43203.01,Agents/agentes de services frontaliers et des douanes
43203.02,Agents/agentes d'immigration
43204.00,Membres des opérations des Forces armées canadiennes
44100.01,Gardiens/gardiennes d'enfants en milieu familial
44100.02,Parents de famille d'accueil
44101.00,"Aides de maintien à domicile, aides familiaux/familiales et personnel assimilé"
44200.00,Combattants/combattantes de première ligne des Forces armées canadiennes
45100.01,Surveillants/surveillantes d'élèves
45100.02,Brigadiers/brigadières
50010.00,"Directeurs/directrices de bibliothèques, des archives, de musées et de galeries d'art"
50011.00,"Directeurs/directrices - édition, cinéma, radiotélédiffusion et arts de la scène"
50012.00,"Directeurs/directrices de programmes et de services de sports, de loisirs et de conditionnement physique"
51100.00,Bibliothécaires
51101.01,Restaurateurs/restauratrices
51101.02,Conservateurs/conservatrices
51102.00,Archivistes
51110.00,"Réviseurs/réviseures, rédacteurs-réviseurs/rédactrices-réviseures et chefs du service des nouvelles"
51111.01,"Romanciers, dramaturges, scénaristes, poètes et autres écrivains créatifs"
51111.02,Rédacteurs/rédactrices  (non technique)
51111.03,Concepteurs-rédacteurs publicitaires/conceptrices-rédactrices publicitaires
51112.00,Rédacteurs/rédactrices techniques
51113.00,Journalistes
51114.01,Traducteurs/traductrices et traducteurs-réviseurs/traductrices-réviseures
51114.02,Terminologues
51114.03,Interprètes
51114.04,Interprètes en langue des signes
51120.01,"Producteurs/productrices de films cinématographiques, d'émissions de télévision, de radio et de jeux vidéos"
51120.02,Réalisateurs/réalisatrices
51120.03,Chorégraphes
51120.04,Directeurs artistiques/directrices artistiques
51120.05,Monteurs/monteuses de films
51120.06,Producteurs/productrices de disques
51120.07,Directeurs/directrices de la photographie
51121.01,Chefs d'orchestre
51121.02,Compositeurs/compositrices
51121.03,Arrangeurs/arrangeuses
51122.01,Musiciens/musiciennes
51122.02,Chanteurs/chanteuses
51122.03,Professeurs/professeures de musique et de chant
52100.01,Techniciens/techniciennes dans les bibliothèques
52100.02,Techniciens/techniciennes dans les services d'archives publiques
52110.00,Cadreurs/cadreuses de films et cadreurs/cadreuses vidéo
52111.00,Techniciens/techniciennes en graphisme
52112.00,Techniciens/techniciennes en radiotélédiffusion
52113.00,Techniciens/techniciennes en enregistrement audio et vidéo
52114.00,Annonceurs/annonceuses et autres communicateurs/communicatrices
52119.01,Régisseurs/régisseures de plateau
52119.02,Chefs machinistes de plateau
52119.03,Chefs électriciens/chefs électriciennes de plateau et éclairagistes
52119.04,Coordonnateurs/coordonnatrices des cascades et truqueurs/truqueuses
52119.05,Maquilleurs/maquilleuses
52119.06,Costumiers/costumières
52119.07,Chefs d'atelier de décors et chefs accessoiristes
52120.01,Designers graphiques
52120.02,Illustrateurs/illustratrices
52121.00,Designers d'intérieur et décorateurs/décoratrices d'intérieur
53100.01,Techniciens/techniciennes en restauration et en conservation
53100.02,Encadreurs/encadreuses de tableaux
53100.03,Interprètes de musée
53100.04,"Adjoints/adjointes à la conservation, les agents/agentes des services de vulgarisation, les techniciens/techniciennes en muséologie et les catalogueurs/catalogueuses et registraires de musée"
53100.05,Taxidermistes
53110.00,Photographes
53111.01,Grutiers/grutières en cinéma et radiotélédiffusion
53111.02,Projectionnistes de cinéma
53111.03,Accessoiristes et constructeurs/constructrices de décors
53111.04,Assistants/assistantes au script
53111.05,Machinistes et monteurs-régleurs/monteuses-régleuses de plateau
53111.06,Habilleurs/habilleuses
53111.07,Assistants/assistants à la réalisation
53120.01,Danseurs/danseuses
53120.02,Professeurs/professeures de danse
53121.01,Acteurs/actrices et comédiens/comédiennes
53121.02,Professeurs/professeures d'art dramatique
53121.03,Artistes de cirque
53122.01,Peintres
53122.02,Sculpteurs/sculpteures
53122.03,Professeurs/professeures d'art
53123.01,Ensembliers/ensemblières de théâtre
53123.02,Dessinateurs/dessinatrices de mode
53123.03,Concepteurs/conceptrices d'expositions
53124.01,Artisans sculpteurs/artisanes sculpteures
53124.02,Souffleurs/souffleuses de verre
53124.03,Orfèvres
53124.04,Potiers/potières
53124.05,Artisans vitraillistes/artisanes vitraillistes
53124.06,Confectionneurs/confectionneuses d'instruments musicaux
53124.07,Tisserands/tisserandes
53124.08,Professeurs/professeures d'artisanat
53124.09,Décorateurs floraux/décoratrices florales
53125.00,Patronniers/patronnières de produits textiles et d'articles en cuir et en fourrure
53200.00,Athlètes
53201.01,Entraîneurs/entraîneuses
53201.02,Dépisteurs sportifs/dépisteuses sportives
53202.00,Arbitres et officiels/officielles de sports
54100.01,Animateurs/animatrices et responsables de programmes de sports et de loisirs
54100.02,Évaluateurs/évaluatrices de la condition physique
55109.01,Amuseurs publics/amuseuses publiques
55109.02,Magiciens/magiciennes et illusionnistes
55109.03,Mannequins et modèles
55109.04,Influenceurs
60010.00,Directeurs/directrices des ventes corporatives
60020.00,Directeurs/directrices - commerce de détail et de gros
60030.00,Directeurs/directrices de la restauration et des services alimentaires
60031.00,Directeurs/directrices des services d'hébergement
60040.00,Directeurs/directrices du service à la clientèle et des services personnels
62010.00,Superviseurs/superviseures des ventes - commerce de détail
62020.00,Superviseurs/superviseures des services alimentaires
62021.00,Gouvernants principaux/gouvernantes principales
62022.00,"Superviseurs/superviseures des services d'hébergement, de voyages, de tourisme et des services connexes"
62023.01,Superviseurs/superviseures des représentants au service à la clientèle - services financiers
62023.02,Superviseurs/superviseures des représentants au service à la clientèle (sauf services financiers)
62024.00,Surveillants/surveillantes des services de nettoyage
62029.00,Surveillants/surveillantes des autres services
62100.00,Spécialistes des ventes techniques - commerce de gros
62101.00,Acheteurs/acheteuses des commerces de détail et de gros
62200.01,Premiers chefs/premières chefs
62200.02,Sous-chefs
62200.03,Chefs spécialisés/chefs spécialisées
62201.01,Directeurs/directrices de funérailles
62201.02,Embaumeurs/embaumeuses
62202.01,Bijoutiers/bijoutières et personnel assimilé
62202.02,Horlogers-rhabilleurs/horlogères-rhabilleuses
63100.00,Agents/agentes et courtiers/courtières d'assurance
63101.00,Agents/agentes et vendeurs/vendeuses en immobilier
63102.00,Représentants/représentantes des ventes financières
63200.00,Cuisiniers/cuisinières
63201.00,Bouchers/bouchères - commerce de gros et de détail
63202.00,Boulangers-pâtissiers/boulangères-pâtissières
63210.01,Coiffeurs/coiffeuses
63210.02,Barbiers/barbières
63211.01,Esthéticiens/esthéticiennes
63211.02,Cosméticiens/cosméticiennes
63211.03,Électrolystes
63211.04,Manucures et pédicures
63211.05,Spécialistes du cuir chevelu
63211.06,Tatoueurs/tatoueuses
63211.07,Techniciens/techniciennes en greffe de cheveux (non médicaux)
63220.01,Fabricants/fabricantes de chaussures
63220.02,Cordonniers/cordonnières
63221.00,Tapissiers-garnisseurs/tapissières-garnisseuses
64100.01,Vendeurs/vendeuses - commerce de détail
64100.02,Décorateurs/décoratrices - étalagistes
64101.00,Représentants/représentantes des ventes et des comptes - commerce de gros (non-technique)
64200.01,"Tailleurs/tailleuses, Couturiers/couturières et Retoucheurs/retoucheuses"
64200.02,Fourreurs/fourreuses
64200.03,Modistes
64201.01,Conseillers imagistes/conseillères imagistes
64201.02,Conseillers/conseillères en services de mariage
64201.03,Conseillers/conseillères en perte de poids
64300.00,Maîtres d'hôtel et hôtes/hôtesses
64301.00,Barmans/barmaids
64310.00,Conseillers/conseillères en voyages
64311.01,Agents/agentes de bord - transport aérien
64311.02,"Commissaires de bord, directeurs/directrices du service à la clientèle et directeurs/directrices de service aux passagers"
64311.03,Commissaires de marine
64312.01,Agents/agentes aux passagers et de billetterie - transport aérien
64312.02,Agents/agentes de fret aérien et d'escale
64312.03,Agents/agentes de réservations
64313.01,Agents/agentes de billetterie et personnel assimilé (sauf transport aérien)
64313.02,Représentants/représentantes du service à la clientèle en matière de fret (sauf transport aérien)
64314.00,Réceptionnistes d'hôtel
64320.01,Guides touristiques
64320.02,Guides itinérants/guides itinérantes
64321.00,Travailleurs/travailleuses dans les casinos
64322.00,Guides d'activités récréatives et sportives de plein air
64400.00,Représentants/représentantes au service à la clientèle - institutions financières
64401.00,Représentants/représentantes des services postaux
64409.00,Autres préposés/autres préposées aux services d'information et aux services à la clientèle
64410.01,Gardiens/gardiennes de sécurité
64410.02,Gardiens/gardiennes de voiture blindée
64410.03,Agents/agentes de sécurité d'entreprises
64410.04,Enquêteurs privés/enquêteuses privées
64410.05,Agents/agentes de prévention des vols
65100.00,Caissiers/caissières
65101.00,Préposés/préposées de stations-service
65102.00,"Garnisseurs/garnisseuses de tablettes, commis et préposés/préposées aux commandes dans les magasins"
65109.01,Distributeurs/distributrices et Démonstrateurs/démonstratrices
65109.02,Vendeurs/vendeuses de porte à porte
65109.03,Préposés/préposées à la sollicitation par téléphone et télévendeurs/télévendeuses
65200.00,Serveurs/serveuses d'aliments et de boissons
65201.01,Serveurs/serveuses au comptoir et préparateurs/préparatrices d'aliments
65201.02,Aides de cuisine
65201.03,Aides de services alimentaires
65201.04,Plongeurs/plongeuses
65202.00,Coupeurs/coupeuses de viande et poissonniers/poissonnières - commerce de gros et de détail
65210.01,Préposés/préposées aux services à la clientèle et porteurs/porteuses de bagages
65210.02,Préposés/préposées aux passagers à bord de navires et au service ferroviaire
65210.03,Travailleurs/travailleuses en installations
65211.01,Exploitants/exploitantes d'attraction foraine
65211.02,"Préposés/préposées dans les parcs d'attractions, les sports et les loisirs"
65220.00,Soigneurs/soigneuses d'animaux et travailleurs/travailleuses en soins des animaux
65229.00,Autre professions de soutien dans les services personnels
65310.01,Préposés/préposées à l'entretien ménager et au nettoyage - travaux légers
65310.02,Préposés/préposées à l'entretien ménager
65311.01,Nettoyeurs/nettoyeuses de tapis et de meubles rembourrés
65311.02,Ramoneurs/ramoneuses et Nettoyeurs/nettoyeuses au jet de sable
65311.03,Nettoyeurs/nettoyeuses de fournaises et de systèmes de ventilation
65311.04,Nettoyeurs/nettoyeuses de véhicules
65311.05,Nettoyeurs/nettoyeuses de vitres
65312.00,Concierges et nettoyeurs/nettoyeuses – gros travaux
65320.01,Opérateurs/opératrices de machines de nettoyage à sec et de blanchisseries
65320.02,Assembleurs/assembleuses et inspecteurs/inspectrices de machines de nettoyage à sec et de blanchisseries
65320.03,"Repasseurs/repasseuses, presseurs/presseuses et finisseurs/finisseuses"
65329.01,Préposés/préposées de salon de coiffure
65329.02,Portiers/portières
65329.03,Préposés/préposées de salon funéraire
65329.04,Préposés/préposées de laverie automatique
65329.05,Préposés/préposées de terrain de stationnement et préposés/préposées aux voitures
65329.06,Placeurs/placeuses et receveurs/receveuses de billets
65329.07,Autres travailleurs élémentaires/travailleuses élémentaires des services
70010.00,Directeurs/directrices de la construction
70011.00,Gestionnaires en construction et rénovation domiciliaire
70012.01,Directeurs/directrices d'exploitation d'immeubles
70012.02,Directeurs/directrices de l'entretien d'immeubles
70020.01,Directeurs/directrices des transports - opérations
70020.02,Directeurs/directrices des transports - mouvement du fret
70021.00,Directeurs/directrices des services postaux et de messageries
72010.00,"Entrepreneurs/entrepreneuses et contremaîtres/contremaîtresses des machinistes et du personnel des métiers du formage, du profilage et du montage des métaux et personnel assimilé"
72011.00,Entrepreneurs/entrepreneuses et contremaîtres/contremaîtresses en électricité et en télécommunications
72012.00,Entrepreneurs/entrepreneuses et contremaîtres/contremaîtresses en tuyauterie
72013.00,Entrepreneurs/entrepreneuses et contremaîtres/contremaîtresses en charpenterie
72014.00,Entrepreneurs/entrepreneuses et contremaîtres/contremaîtresses des autres métiers de la construction et des services de réparation et d'installation
72020.00,Entrepreneurs/entrepreneuses et contremaîtres/contremaîtresses en mécanique
72021.00,Entrepreneurs/entrepreneuses et contremaîtres/contremaîtresses des équipes d'opérateurs d'équipement lourd
72022.00,Surveillants/surveillantes de l'imprimerie et du personnel assimilé
72023.00,Surveillants/surveillantes des opérations du transport ferroviaire
72024.00,Surveillants/surveillantes du transport routier et du transport en commun
72025.00,Superviseurs/superviseures de services postaux et de messageries
72100.01,Machinistes
72100.02,Vérificateurs/vérificatrices d'usinage et d'outillage
72101.01,Outilleurs-ajusteurs/outilleuses-ajusteuses
72101.02,Modeleurs/modeleuses sur métal et Moulistes de moules en métal
72102.00,Tôliers/tôlières
72103.00,Chaudronniers/chaudronnières
72104.00,Assembleurs/assembleuses et ajusteurs/ajusteuses de plaques et de charpentes métalliques
72105.00,Monteurs/monteuses de charpentes métalliques
72106.01,Soudeurs/soudeuses
72106.02,Opérateurs/opératrices de machines à souder et à braser
72200.00,Électriciens/électriciennes (sauf électriciens industriels/électriciennes industrielles et de réseaux électriques)
72201.00,Électriciens industriels/électriciennes industrielles
72202.00,Électriciens/électriciennes de réseaux électriques
72203.00,Monteurs/monteuses de lignes électriques et de câbles
72204.00,Installateurs/installatrices et réparateurs/réparatrices de lignes et de câbles de télécommunications
72205.01,Installateurs/installatrices et réparateurs/réparatrices de téléphones
72205.02,Installateurs/installatrices et réparateurs/réparatrices de réseaux commutés
72205.03,Vérificateurs/vérificatrices de services de télécommunications
72205.04,Techniciens/techniciennes en matériel de télécommunications
72205.05,Techniciens/techniciennes en montage d'installations de câblodistribution
72300.00,Plombiers/plombières
72301.01,Tuyauteurs/tuyauteuses et monteurs/monteuses d'appareils de chauffage
72301.02,Poseurs/poseuses de gicleurs
72302.00,Monteurs/monteuses d'installations au gaz
72310.00,Charpentiers-menuisiers/charpentières-menuisières
72311.00,Ébénistes
72320.00,Briqueteurs-maçons/briqueteuses-maçonnes
72321.00,Calorifugeurs/calorifugeuses
72400.01,Mécaniciens/mécaniciennes de chantier et mécaniciens industriels/mécaniciennes industrielles
72400.02,Mécaniciens/mécaniciennes et monteurs/monteuses de machines dans l'industrie du textile
72401.00,Mécaniciens/mécaniciennes d'équipement lourd
72402.00,"Mécaniciens/mécaniciennes en chauffage, réfrigération et climatisation"
72403.00,Réparateurs/réparatrices de wagons
72404.01,Mécaniciens/mécaniciennes d'aéronefs
72404.02,Contrôleurs/contrôleuses d'aéronefs
72405.00,Ajusteurs/ajusteuses de machines
72406.00,Constructeurs/constructrices et mécaniciens/mécaniciennes d'ascenseurs
72410.01,Mécaniciens/mécaniciennes de véhicules automobiles
72410.02,Réparateurs/réparatrices de véhicules automobiles
72410.03,Mécaniciens/mécaniciennes de camions et de remorques
72411.00,"Techniciens/techniciennes en collision, en carrosserie, en peinture et en glace de véhicule automobile et estimateurs/estimatrices de dommages"
72420.00,Installateurs/installatrices de brûleurs à l'huile et à combustibles solides
72421.01,Réparateurs/réparatrices de petits appareils électroménagers
72421.02,Réparateurs/réparatrices de gros appareils électroménagers
72422.00,Électromécaniciens/électromécaniciennes
72423.01,"Mécaniciens/mécaniciennes de motocyclettes, de véhicules tout-terrain et personnel mécanicien assimilé"
72423.02,Technicien/technicienne de véhicules récréatifs
72429.00,Autres réparateurs/réparatrices de petits moteurs et de petits équipements
72500.00,Grutiers/grutières
72501.00,Foreurs/foreuses de puits d'eau
72600.01,Pilotes aériens
72600.02,Mécaniciens de bord
72600.03,Instructeurs/instructrices de vol
72601.01,Contrôleurs/contrôleuses de la circulation aérienne
72601.02,Agents/agentes de régulation des vols
72601.03,Spécialistes de l'information de vol
72602.00,Officiers/officières de pont du transport par voies navigables
72603.00,Officiers mécaniciens/officières mécaniciennes du transport par voies navigables
72604.01,Contrôleurs/contrôleuses de la circulation ferroviaire
72604.02,Régulateurs/régulatrices de la circulation maritime
72999.01,Armuriers/armurières
72999.02,Serruriers/serrurières
72999.03,Installateurs-réparateurs/installatrices-réparatrices de coffres-forts et de chambres fortes
72999.04,Ajusteurs/ajusteuses de scies
72999.05,Monteurs/monteuses de matrices
72999.06,Scaphandriers/scaphandrières
73100.00,Finisseurs/finisseuses de béton
73101.00,Carreleurs/carreleuses
73102.01,Plâtriers/plâtrières
73102.02,Poseurs/poseuses de systèmes intérieurs
73102.03,Latteurs/latteuses
73110.01,Couvreurs/couvreuses
73110.02,Poseurs/poseuses de bardeaux
73111.00,Vitriers/vitrières
73112.00,Peintres et décorateurs/décoratrices (sauf décorateurs/décoratrices d'intérieur)
73113.00,Poseurs/poseuses de revêtements d'intérieur
73200.00,"Personnel d'installation, d'entretien et de réparation d'équipement résidentiel et commercial"
73201.00,Préposés à l’entretien général et surintendants/surintendantes
73202.00,Fumigateurs/fumigatrices et préposés/préposées au contrôle de la vermine
73209.00,Autres réparateurs/réparatrices et préposés/préposées à l'entretien
73300.01,Conducteurs/conductrices de camions sur longue distance
73300.02,Conducteurs routiers/conductrices routières et conducteurs/conductrices de camions locaux
73301.01,Conducteurs/conductrices d'autobus et de tramways
73301.02,Conducteurs/conductrices d'autobus scolaires
73301.03,Opérateurs/opératrices de métro et de systèmes légers sur rail
73310.01,Mécaniciens/mécaniciennes de locomotive
73310.02,Mécaniciens/mécaniciennes de locomotive de cour de triage
73311.01,Chefs de train
73311.02,Serre-freins
73400.00,Conducteurs/conductrices d'équipement lourd
73401.00,Opérateurs/opératrices de presses à imprimer
73402.01,"Foreurs/foreuses de mines à ciel ouvert, de carrières et de chantiers de construction"
73402.02,"Dynamiteurs/dynamiteuses de mines à ciel ouvert, de carrières et de chantiers de construction"
74100.01,Trieurs/trieuses de courrier
74100.02,Commis à la salle du courrier
74101.00,Facteurs/factrices
74102.00,Messagers/messagères
74200.01,Ouvriers/ouvrières de gare de triage du transport ferroviaire
74200.02,Ouvriers/ouvrières à l'entretien de la voie ferrée
74201.01,Matelots de salle des machines du transport par voies navigables
74201.02,Matelots de pont du transport par voies navigables
74202.00,Agents/agentes de piste dans le transport aérien
74203.00,Préposés/préposées à la pose et à l'entretien des pièces mécaniques d'automobiles et de camions et équipements lourds
74204.01,Personnel d'entretien des canalisations d'eau
74204.02,Personnel d'entretien des canalisations de gaz
74205.00,Conducteurs/conductrices de machinerie d'entretien public et personnel assimilé
75100.00,Débardeurs/débardeuses
75101.01,Manutentionnaires qui travaillent manuellement
75101.02,Manutentionnaires qui utilisent des appareils de manutention
75110.00,Aides de soutien des métiers et manoeuvres en construction
75119.00,Autres manoeuvres et aides de soutien de métiers
75200.01,Chauffeurs/chauffeuses de taxi et de limousine
75200.02,Chauffeurs/chauffeuses
75201.00,Chauffeurs-livreurs/chauffeuses-livreuses de services de livraison et distributeurs/distributrices porte-à-porte
75210.01,Personnel des écluses
75210.02,Conducteurs/conductrices de bacs à câble
75210.03,Ouvriers/ouvrières au débarcadère de traversiers
75210.04,Opérateurs de bateaux
75211.01,Manoeuvres dans le transport ferroviaire
75211.02,Manoeuvres dans le transport routier
75212.00,Manoeuvres à l'entretien des travaux publics
80010.00,Directeurs/directrices de l'exploitation des ressources naturelles et de la pêche
80020.00,Gestionnaires en agriculture
80021.00,Gestionnaires en horticulture
80022.00,Gestionnaires en aquaculture
82010.00,Surveillants/surveillantes de l'exploitation forestière
82020.00,Surveillants/surveillantes de l'exploitation des mines et des carrières
82021.00,Entrepreneurs/entrepreneuses et surveillants/surveillantes du forage et des services reliés à l'extraction de pétrole et de gaz
82030.01,Entrepreneurs/entrepreneuses de services agricoles
82030.02,Surveillants/surveillantes d’exploitations agricoles
82031.00,"Entrepreneurs/entrepreneuses et superviseurs/superviseures des services de l'aménagement paysager, de l'entretien des terrains et de l'horticulture"
83100.00,"Mineurs/mineuses d'extraction et de préparation, mines souterraines"
83101.01,Foreurs/foreuses et personnel à l'entretien des puits de pétrole et de gaz
83101.02,Travailleurs/travailleuses en diagraphie et en mise à l'essai des puits et travailleurs assimilés/travailleuses assimilées
83110.00,Conducteurs/conductrices de machines d'abattage d'arbres
83120.00,Capitaines et officiers/officières de bâtiments de pêche
83121.00,Pêcheurs indépendants/pêcheuses indépendantes
84100.00,Travailleurs/travailleuses d'entretien et de soutien des mines souterraines
84101.01,Travailleurs/travailleuses au forage de puits de pétrole et de gaz
84101.02,Travailleurs/travailleuses à l'entretien de puits de pétrole et de gaz
84110.00,Opérateurs/opératrices de scies à chaîne et d'engins de débardage
84111.00,Ouvriers/ouvrières en sylviculture et en exploitation forestière
84120.01,Ouvriers spécialisés/ouvrières spécialisées dans l'élevage du bétail
84120.02,Opérateurs/opératices de machineries agricoles
84121.00,Matelots de pont sur les bateaux de pêche
85100.00,Manoeuvres aux soins du bétail
85101.00,Manoeuvres à la récolte
85102.00,Manoeuvres de l'aquaculture et de la mariculture
85103.00,Manoeuvres de pépinières et de serres
85104.00,Trappeurs/trappeuses et chasseurs/chasseuses
85110.00,Manoeuvres des mines
85111.00,"Manoeuvres de forage et d'entretien des puits de pétrole et de gaz, et personnel assimilé"
85120.00,Manoeuvres de l'exploitation forestière
85121.00,Manoeuvres en aménagement paysager et en entretien des terrains
90010.00,Directeurs/directrices de la fabrication
90011.01,Directeurs/directrices du service des eaux
90011.02,Directeurs/directrices de réseaux de distribution d'électricité
90011.03,Directeurs/directrices de l'approvisionnement en gaz naturel et Directeurs/directrices de la distribution de produits pétroliers
90011.04,Directeurs/directrices de services de lutte contre la pollution de l'eau
90011.05,Directeurs/directrices de systèmes de gestion des déchets
92010.00,Surveillants/surveillantes dans la transformation des métaux et des minerais
92011.00,"Surveillants/surveillantes dans le raffinage du pétrole, dans le traitement du gaz et des produits chimiques et dans les services d'utilité publique"
92012.00,Surveillants/surveillantes dans la transformation des aliments et des boissons
92013.00,Surveillants/surveillantes dans la fabrication de produits en caoutchouc et en plastique
92014.00,Surveillants/surveillantes dans la transformation des produits forestiers
92015.00,"Surveillants/surveillantes dans la transformation et la fabrication de produits textiles, de tissus, de fourrure et de cuir"
92020.00,Surveillants/surveillantes dans la fabrication de véhicules automobiles
92021.00,Surveillants/surveillantes dans la fabrication de matériel électronique et d'appareils électriques
92022.00,Surveillants/surveillantes dans la fabrication de meubles et d'accessoires
92023.00,Surveillants/surveillantes dans la fabrication d'autres produits métalliques et de pièces mécaniques
92024.00,Surveillants/surveillantes dans la fabrication et le montage de produits divers
92100.01,Mécaniciens/mécaniciennes de centrales
92100.02,Opérateurs/opératrice de réseaux électriques
92101.01,Opérateurs/opératrices d'installations du traitement de l'eau
92101.02,Opérateurs/opératrices d'installations du traitement des déchets liquides
93100.00,Opérateurs/opératrices de poste central de contrôle et de conduite de procédés industriels dans le traitement des métaux et des minerais
93101.00,Opérateurs/opératrices de salle de commande centrale et de conduite de procédés industriels dans le raffinage du pétrole et le traitement du gaz et des produits chimiques
93102.00,"Opérateurs/opératrices au contrôle de la réduction en pâte des pâtes et papiers, de la fabrication du papier et du couchage"
93200.01,Monteurs/monteuses d'aéronefs
93200.02,Contrôleurs/contrôleuses du montage d'aéronefs
94100.00,Opérateurs/opératrices de machines dans le traitement des métaux et des minerais
94101.01,Mouleurs/mouleuses et Noyauteurs/noyauteuses
94101.02,Fondeurs/fondeuses de métaux
94101.03,Opérateurs/opératrices de fours de fonderie
94102.01,Opérateurs/opératrices de matériel de régulation des procédés de fabrication de verre
94102.02,Opérateurs/opératrices de machines à former le verre
94102.03,Opérateurs/opératrices de machines à finir le verre
94102.04,Coupeurs/coupeuses de verre
94103.01,Opérateurs/opératrices de machines et travailleurs/travailleuses en façonnage et en finition de produits en béton
94103.02,Opérateurs/opératrices de machines à façonner et à finir des produits en argile
94103.03,Travailleurs spécialisés/travailleuses spécialisées dans le façonnage et la finition de la pierre
94104.00,Contrôleurs/contrôleuses et essayeurs/essayeuses dans la transformation des métaux et des minerais
94105.01,Opérateurs/opératrices de machines à travailler les métaux légers et lourds
94105.02,Opérateurs/opératrices de machines à forger
94106.00,Opérateurs/opératrices de machines d'usinage
94107.00,Opérateurs/opératrices de machines d'autres produits métalliques
94110.00,Opérateurs/opératrices d'installations de traitement des produits chimiques
94111.01,Opérateurs/opératrices de malaxeur - plasturgie
94111.02,Opérateurs/opératrices de calandre - plasturgie
94111.03,Opérateurs/opératrices de machines à extruder - plasturgie
94111.04,Opérateurs/opératrices de machines à mouler - plasturgie
94112.01,Opérateurs/opératrices de machines de transformation du caoutchouc
94112.02,Assembleurs/assembleuses d'articles en caoutchouc
94112.03,Vérificateurs/vérificatrices d'articles en caoutchouc
94120.00,Opérateurs/opératrices de machines à scier dans les scieries
94121.00,Opérateurs/opératrices de machines dans la fabrication et la finition du papier dans les usines de pâte à papier
94122.00,Opérateurs/opératrices de machines à façonner le papier
94123.01,Classeurs/classeuses de bois d'œuvre
94123.02,Autres vérificateurs/vérificatrices et classeurs/classeuses dans la transformation du bois
94124.00,Opérateurs/opératrices de machines à travailler le bois
94129.00,Autres opérateurs/opératrices de machines dans la transformation du bois
94130.01,"Opérateurs/opératrices de machines de traitement des fibres et des fils textiles, du cuir et des peaux"
94130.02,"Teinturiers/teinturières et finisseurs/finisseuses de produits textiles, de cuirs et de peaux"
94131.00,"Tisseurs/tisseuses, tricoteurs/tricoteuses et autres opérateurs/opératrices de machines textiles"
94132.00,Opérateurs/opératrices de machines à coudre industrielles
94133.00,"Contrôleurs/contrôleuses et trieurs/trieuses dans la fabrication de produits textiles, de tissus, de fourrure et de cuir"
94140.01,Opérateurs/opératrices de procédés industriels dans la transformation des aliments et des boissons
94140.02,Opérateurs/opératrices de machines dans la transformation des aliments et des boissons
94141.01,Bouchers industriels/bouchères industrielles
94141.02,Découpeurs/découpeuses de viande industrielle
94141.03,Préparateurs/préparatrices de volaille
94142.01,Opérateurs/opératrices de machines dans les usines de transformation du poisson et de fruits de mer
94142.02,Nettoyeurs-coupeurs/nettoyeuses-coupeuses de poisson et de fruits de mer dans les usines de transformation du poisson et de fruits de mer
94143.00,Échantillonneurs/échantillonneuses et trieurs/trieuses dans la transformation des aliments et des boissons
94150.00,Opérateurs/opératrices d'équipement d'impression sans plaque
94151.01,"Cadreurs/cadreuses graphiques, les scannéristes, les pelliculeurs et les assembleurs"
94151.02,Acidograveurs et les graveurs
94151.03,"Techniciens/Techniciennes de prépresse, les clicheurs, les tireurs d'épreuves photographiques, et les opérateurs d’équipement de prémise en train et à la préparation de dossiers"
94152.00,Opérateurs/opératrices de machines à relier et de finition
94153.00,Développeurs/développeuses de films et de photographies
94200.01,Assembleurs/assembleuses de véhicules automobiles
94200.02,Contrôleurs/contrôleuses et vérificateurs/vérificatrices de véhicules automobiles
94201.01,Assembleurs/assembleuses de matériel électronique
94201.02,Contrôleurs et les vérificateurs de matériel électronique
94202.01,"Monteurs/monteuses  dans la fabrication de matériel, d'appareils et d'accessoires électriques"
94202.02,"Contrôleurs/contrôleuses dans la fabrication de matériel, d'appareils et d'accessoires électriques"
94203.01,"Assembleurs/assembleuses,  dans la fabrication de transformateurs et de moteurs électriques industriels"
94203.02,Ajusteurs et câbleurs dans la fabrication de transformateurs et de moteurs électriques industriels
94203.03,Vérificateurs dans la fabrication de transformateurs et de moteurs électriques industriels
94204.01,Monteurs/monteuses de matériel mécanique
94204.02,Contrôleurs/contrôleuses de matériel mécanique
94205.01,Opérateurs/opératrices de machines dans la fabrication d'appareils électriques
94205.02,Contrôleurs/contrôleuses et essayeurs/essayeuses dans la fabrication d'appareils électriques
94210.01,Monteurs/monteuses de meubles et d'accessoires
94210.02,Finisseurs de meubles
94210.03,Restaurateurs/Restauratrices de meubles
94210.04,Contrôleurs/contrôleuses de meubles et d'accessoires
94211.01,Monteurs/monteuses d'autres produits en bois
94211.02,Contrôleurs/contrôleuses d'autres produits en bois
94212.01,Assembleurs/assembleuses et finisseurs/finisseuses de produits en plastique
94212.02,Contrôleurs/contrôleuses de produits en plastique
94213.01,Peintres et enduiseurs/enduiseuses – secteur industriel
94213.02,Opérateurs/opératrices d'équipement de métallisation et de galvanisation et personnel assimilé
94219.01,Monteurs/monteuses et finisseurs/finisseuses de produits divers
94219.02,Contrôleurs/controlleuses de produits divers
95100.00,Manoeuvres dans le traitement des métaux et des minerais
95101.00,Manoeuvres en métallurgie
95102.00,Manoeuvres dans le traitement des produits chimiques et les services d'utilité publique
95103.00,Manoeuvres dans le traitement des pâtes et papiers et la transformation du bois
95104.00,Manoeuvres dans la fabrication des produits en caoutchouc et en plastique
95105.01,Manoeuvres des produits du textile
95105.02,Coupeurs/coupeuses de tissu
95105.03,Coupeurs/coupeuses de fourrure
95105.04,Coupeurs/coupeuses de cuir
95106.00,Manoeuvres dans la transformation des aliments et des boissons
95107.00,Manoeuvres dans la transformation du poisson et des fruits de mer
95109.00,"Autres manoeuvres des services de transformation, de fabrication et d'utilité publique"
