Code SIPeC,Etiquette SIPeC,Code Holland - 1,Code Holland - 2,Code Holland - 3
00010.00,Membres des corps législatifs,E,S,C
00011.00,Cadres supérieurs/cadres supérieures - administration publique,E,C,I
00012.00,"Cadres supérieurs/cadres supérieures - services financiers, communications et autres services aux entreprises",E,C,i
00013.00,"Cadres supérieurs/cadres supérieures - santé, enseignement, services sociaux et communautaires et associations mutuelles",E,C,S
00014.00,"Cadres supérieurs/cadres supérieures - commerce, radiotélédiffusion et autres services",E,C,I
00015.00,"Cadres supérieurs/cadres supérieures - construction, transport, production et services d'utilité publique",E,C,i
10010.00,Directeurs financiers/directrices financières,E,C,I
10011.00,Directeurs/directrices des ressources humaines,E,S,C
10012.00,Directeurs/directrices des achats,E,C,I
10019.00,Directeurs/directrices d'autres services administratifs,E,C,s
10020.01,Directeurs/directrices des assurances,E,C,I
10020.02,Directeurs/Directrices de services immobiliers,E,C,i
10020.03,Directeurs/directrices des courtiers en hypothèque,E,C,I
10020.04,Directeurs/directrices des ventes de valeurs mobilières,E,C,I
10021.01,Directeurs/directrices de banques et autres services de placements,E,C,S
10021.02,Directeurs/directrices du crédit,E,C,S
10022.01,Directeurs/directrices de la publicité,E,A,C
10022.02,Directeurs/directrices du marketing,E,C,a
10022.03,Directeurs/directrices des relations publiques,E,S,A
10022.04,Directeurs/directrices des affaires électroniques,E,S,A
10029.00,Directeurs/directrices d'autres services aux entreprises,E,C,S
10030.00,Directeurs/directrices d'entreprises de télécommunications,E,C,S
11100.01,Vérificateurs/vérificatrices,C,E,I
11100.02,Comptables,C,E,I
11101.01,Analystes financiers/analystes financières,I,E,C
11101.02,Analystes en placements,I,E,C
11102.00,Conseillers financiers/conseillères financières,E,C,S
11103.01,Agents/agentes en valeurs et agents/agentes en placements,E,C,S
11103.02,Négociateurs/négociatrices en valeurs,E,I,C
11109.01,Inspecteurs/inspectrices et vérificateurs financiers/vérificatrices financières,E,C,I
11109.02,Investigateurs financiers/investigatrices financières,E,I,C
11109.03,Preneurs/preneuses ferme,E,I,C
11109.04,Agents/agentes de fiducie,C,E,I
11109.05,Courtiers/courtières en hypothèques,E,C,S
11200.00,Professionnels/professionnelles en ressources humaines,E,S,C
11201.00,Professionnels/professionnelles des services-conseils en gestion aux entreprises,I,E,C
11202.00,"Professionnels/professionnelles en publicité, en marketing et en relations publiques",E,C,A
12010.00,Superviseurs/superviseures de commis de bureau et du personnel de soutien administratif,E,C,s
12011.00,Superviseurs/superviseures de commis de finance et d'assurance,E,C,s
12012.00,"Superviseurs/superviseures de commis de bibliothèque, de correspondanciers et d'autres commis à l'information",E,C,s
12013.00,"Superviseurs/superviseures du personnel de coordination de la chaîne d'approvisionnement, du suivi et des horaires",E,C,s
12100.00,Adjoints/adjointes de direction,C,E,I
12101.00,Agents/agentes des ressources humaines et de recrutement,E,C,s
12102.00,Agents/agentes en approvisionnement aux achats,C,E,I
12103.00,Planificateurs/planificatrices de congrès et d'événements,E,C,s
12104.01,Agents/agentes de taxes d'accise,C,I,e
12104.02,Agents/agentes de services de prestations gouvernementales,S,C,E
12110.01,Sténographes judiciaires,C,E,
12110.02,Transcripteurs médicaux/transcriptrices médicales,C,r,
12111.00,Personnel en gestion de l’information sur la santé,C,i,
12112.00,Techniciens/techniciennes à la gestion des documents,C,,
12113.00,Agents/agentes de statistiques et professions connexes du soutien de la recherche,C,I,
12200.00,Techniciens/techniciennes en comptabilité et teneurs/teneuses de livres,C,i,
12201.01,Experts/expertes en sinistres,E,C,I
12201.02,Rédacteurs/rédactrices sinistres,C,E,I
12202.00,Assureurs/assureures,C,E,I
12203.01,Estimateurs/estimatrices,E,C,R
12203.02,Experts/expertes en évaluation d'entreprise,I,C,
12203.03,Évaluateurs/évaluatrices,E,C,R
13100.00,Agents/agentes d'administration,E,C,
13101.00,Agents/agentes de gestion immobilière,E,C,
13102.00,Administrateurs/administratrices de la paye,C,E,
13110.00,Adjoints administratifs/adjointes administratives,C,e,
13111.00,Adjoints administratifs juridiques/adjointes administratives juridiques,C,e,i
13112.00,Adjoints administratifs médicaux/adjointes administratives médicales,C,S,E
13200.01,Courtiers/courtières en douanes,E,C,
13200.02,Courtiers maritimes/courtières maritimes,E,C,
13201.01,Coordonnateurs/coordonnatrices de la logistique de la production,E,C,
13201.02,Coordonnateurs/coordonnatrices de la logistique du transport,E,C,
14100.01,Employés de bureau – soutien général,C,E,r
14100.02,Commis au classement,C,r,E
14101.01,Réceptionnistes,C,S,E
14101.02,Employés à l'admission dans un hôpital,C,S,E
14101.03,Standardistes et téléphonistes au service des abonnés absents,C,E,s
14101.04,Téléphonistes,C,S,R
14102.00,Commis des services du personnel,C,e,s
14103.00,Commis des services judiciaires et autres professions des services judiciaires,C,E,S
14110.01,Intervieweurs/intervieweuses pour enquêtes,C,E,s
14110.02,Commis aux statistiques,C,I,
14111.00,Commis à la saisie de données,C,R,
14112.01,Opérateurs/opératrices d'équipement d'éditique,A,I,C
14112.02,Préposés à la saisie et la sortie des données (composition),R,C,a
14200.00,Commis à la comptabilité et personnel assimilé,C,E,i
14201.01,Commis de banque,C,E,
14201.02,Commis d'assurance,C,e,s
14201.03,Autres commis de services financiers,C,e,
14202.00,Commis de recouvrement,C,E,i
14300.00,Commis et assistants/assistantes dans les bibliothèques,C,R,S
14301.01,Commis aux petites annonces,C,E,S
14301.02,Correspondanciers/correspondancières,C,e,
14301.03,Correcteurs/correctrices d'épreuves et les adjoints/adjointes à la rédaction,C,A,
14301.04,Lecteurs/lectrices de manuscrits et préposés/préposées aux coupures de journaux,C,i,
14301.05,Commis aux règlements,C,e,s
14400.00,Expéditeurs/expéditrices et réceptionnaires,C,R,E
14401.00,Magasiniers/magasinières et commis aux pièces,C,R,E
14402.00,Travailleurs/travailleuses de la logistique de la production,C,E,
14403.01,Commis aux achats,C,E,
14403.02,Commis au contrôle de l'inventaire,C,R,E
14404.01,Répartiteurs/répartitrices,C,S,E
14405.00,Horairistes de trajets et d'équipages,C,E,R
20010.00,Directeurs/directrices des services de génie,E,R,I
20011.01,Directeurs/directrices des services d’architecture et d’urbanisme,E,R,I
20011.02,Directeurs/directrices de service des sciences,E,I,
20012.00,Gestionnaires des systèmes informatiques,E,C,i
21100.01,Physiciens/physiciennes,I,R,
21100.02,Astronomes,I,R,a
21101.00,Chimistes,I,R,c
21102.01,Géoscientifiques,I,R,
21102.02,Océanographes,I,R,
21103.00,Météorologues et climatologues,I,R,
21109.01,Métallurgistes,I,R,
21109.02,Spécialistes des matériaux,I,R,
21109.03,Scientifiques en science du sol,I,R,
21109.04,Astronautes,I,R,e
21110.01,Biologistes,I,R,
21110.02,Microbiologistes et biologistes cellulaires et moléculaires,I,R,
21111.00,Professionnels/professionnelles des sciences forestières,E,I,R
21112.00,"Agronomes, conseillers/conseillères et spécialistes en agriculture",S,R,I
21120.00,Professionnels/professionnelles de la santé et sécurité publique et environnementale,I,C,E
21200.00,Architectes,A,I,E
21201.00,Architectes paysagistes,A,I,R
21202.00,Urbanistes et planificateurs/planificatrices de l'utilisation des sols,I,E,A
21203.00,Arpenteurs-géomètres/arpenteuses-géomètres,R,C,I
21210.01,Mathématiciens/mathématiciennes,I,C,a
21210.02,Statisticiens/statisticiennes,I,C,e
21210.03,Actuaires,I,C,E
21211.00,Scientifiques de données,I,C,e
21220.00,Spécialistes de la cybersécurité,C,I,R
21221.00,Spécialistes des systèmes commerciaux,I,C,E
21222.00,Spécialistes en informatique,I,C,E
21223.01,Analystes de bases de données,I,C,e
21223.02,Administrateurs/administratrices de données,C,I,E
21230.00,Développeurs/développeuses et programmeurs/programmeuses de systèmes informatiques,I,C,E
21231.00,Ingénieurs/ingénieures et concepteurs/conceptrices en logiciel,I,R,C
21232.00,Développeurs/développeuses et programmeurs/programmeuses de logiciels,I,C,r
21233.00,Concepteurs/conceptrices Web,I,A,c
21234.00,Développeurs/développeuses et programmeurs/programmeuses Web,I,C,r
21300.00,Ingénieurs civils/ingénieures civiles,R,I,C
21301.00,Ingénieurs mécaniciens/ingénieures mécaniciennes,I,R,C
21310.00,Ingénieurs électriciens et électroniciens/ingénieures électriciennes et électroniciennes,I,R,E
21311.01,Ingénieurs informaticiens/ingénieures informaticiennes et ingénieurs/ingénieures en matériel de télécommunications,I,R,C
21311.02,Ingénieurs/ingénieures en systèmes de réseaux et ingénieurs/ingénieures de la communication de données,I,C,e
21320.00,Ingénieurs chimistes/ingénieures chimistes,I,R,E
21321.00,Ingénieurs/ingénieures d'industrie et de fabrication,I,R,E
21322.00,Ingénieurs/ingénieures métallurgistes et des matériaux,I,R,E
21330.00,Ingénieurs miniers/ingénieures minières,I,R,E
21331.00,Ingénieurs/ingénieures géologiques,I,R,E
21332.00,Ingénieurs/ingénieures de l'extraction et du raffinage du pétrole,I,R,E
21390.00,Ingénieurs/ingénieures en aérospatiale,I,R,E
21399.01,Ingénieurs agricoles/ingénieures agricoles et en bio-ressources,I,R,E
21399.02,Ingénieurs biomédicaux/ingénieures biomédicales,I,R,E
21399.03,Ingénieurs physiciens/ingénieures physiciennes et scientifiques en génie,I,R,E
21399.04,Ingénieurs navals/ingénieures navales,I,R,E
21399.05,Ingénieurs/ingénieures en textiles,R,I,E
22100.01,Technologues en chimie,I,R,C
22100.02,Techniciens/techniciennes en chimie,R,I,C
22101.01,Technologues en géologie et en minéralogie,I,R,C
22101.02,Techniciens/techniciennes en géologie et en minéralogie,R,I,C
22110.01,Technologues en biologie,I,R,C
22110.02,Techniciens/techniciennes en biologie,R,I,C
22111.01,Inspecteurs/inspectrices du poisson et des produits de la pêche,R,C,I
22111.02,Inspecteurs/inspectrices de fruits et de légumes,R,C,I
22111.03,Inspecteurs/inspectrices de produits céréaliers,R,C,I
22111.04,Inspecteurs/inspectrices de viandes,R,C,I
22111.05,Inspecteurs/inspectrices en protection des végétaux,R,C,I
22112.00,Technologues et techniciens/techniciennes en sciences forestières,R,I,E
22113.00,Techniciens/techniciennes du milieu naturel et de la pêche,R,I,E
22114.01,Spécialistes des arbres et des arbustes et techniciens/techniciennes en service d'entretien d'arbres,R,I,e
22114.02,Responsables de l'entretien d'un terrain de golf,E,R,c
22114.03,Horticulteurs/horticultrices,E,R,C
22114.04,"Concepteurs-paysagistes/conceptrices-paysagistes, techniciens/techniciennes et technologues en architecture paysagère",R,C,A
22114.05,Jardiniers-paysagistes/jardinières-paysagistes,R,C,
22114.06,Paysagistes,R,C,E
22114.07,Spécialistes de pelouses,R,C,E
22210.00,Technologues et techniciens/techniciennes en architecture,R,C,A
22211.00,Designers industriels/designers industrielles,A,E,R
22212.01,Technologues en dessin,R,C,A
22212.02,Techniciens/techniciennes en dessin,R,C,a
22213.01,Technologues en arpentage et en techniques géodésiques,R,C,I
22213.02,Techniciens/techniciennes en arpentage et en techniques géodésiques,R,C,i
22214.01,Technologues et techniciens/techniciennes en cartographie,R,I,C
22214.02,Technologues et techniciens/techniciennes en photogrammétrie,C,R,I
22214.03,Technologues et techniciens en levés aériens et en télédétection,R,I,C
22214.04,Technologues et techniciens/techniciennes en systèmes d'information géographique (SIG),I,R,C
22214.05,Technologues et techniciens/techniciennes en météorologie,C,I,R
22220.01,Opérateurs/opératrices en informatique et opérateurs/opératrices de réseau,R,I,C
22220.02,Techniciens/techniciennes Web,R,I,C
22221.00,Agents/agentes de soutien aux utilisateurs,R,I,S
22222.00,Évaluateurs/évaluatrices de systèmes informatiques,I,C,R
22230.00,Vérificateurs/vérificatrices et inspecteurs/inspectrices des essais non destructifs,R,I,C
22231.01,Inspecteurs/inspectrices des anomalies des véhicules motorisés,R,C,I
22231.02,Enquêteurs/enquêteuses d'accidents ferroviaires,I,R,C
22231.03,Inspecteurs/inspectrices de la navigabilité aérienne,R,C,I
22231.04,Inspecteurs/inspectrices des poids et mesures,C,R,I
22231.05,Vérificateurs/vérificatrices d'appareils de forage de pétrole et de gaz,C,R,I
22232.00,Spécialistes de l'hygiène et de la sécurité au travail,C,R,I
22233.00,Inspecteurs/inspectrices en construction,R,C,I
22300.01,Technologues en génie civil,R,C,I
22300.02,Techniciens/techniciennes en génie civil,R,C,I
22301.01,Technologues en génie mécanique,R,I,C
22301.02,Techniciens/techniciennes en génie mécanique,R,C,I
22302.01,Technologues en génie industriel et en génie de fabrication,I,R,C
22302.02,Techniciens/techniciennes en génie industriel et en génie de fabrication,R,I,C
22303.00,Estimateurs/estimatrices en construction,C,E,I
22310.01,Technologues en génie électronique et électrique,I,R,C
22310.02,Techniciens/techniciennes en génie électronique et électrique,R,I,C
22311.00,Électroniciens/électroniciennes d'entretien (biens domestiques et commerciaux),R,C,I
22312.00,Techniciens/techniciennes et mécaniciens/mécaniciennes d'instruments industriels,I,R,C
22313.01,Mécaniciens/mécaniciennes et techniciens/techniciennes d'instruments d'aéronefs,R,I,C
22313.02,Mécaniciens/mécaniciennes et techniciens/techniciennes en équipement électrique d'aéronef,R,I,C
22313.03,Mécaniciens/mécaniciennes et techniciens/techniciennes en avionique,R,C,I
22313.04,Inspecteurs/inspectrices en avionique,R,C,I
30010.00,Directeurs/directrices des soins de santé,E,C,S
31100.01,Anesthésiologistes,I,R,S
31100.02,"Internistes, généralistes",I,S,R
31100.03,"Pédiatres, généralistes",I,S,R
31100.04,Psychiatres,I,S,c
31100.05,Allergologues et immunologistes,I,S,R
31100.06,Hospitalistes,S,I,E
31100.07,Neurologues,I,S,R
31100.08,Médecins de médecine nucléaire,I,S,R
31100.09,Dermatologues,I,S,R
31100.10,Médecins de médecine physique et de réadaptation,I,S,R
31100.11,Médecins de médecine préventive,S,I,R
31100.12,Radiologues,I,R,S
31100.13,Autres spécialistes en médecine clinique,I,S,R
31100.14,"Spécialistes en médecine de laboratoire, y compris les pathologistes",I,R,S
31101.01,Chirurgiens généraux,I,R,S
31101.02,Obstétriciens et gynécologues,I,S,R
31101.03,Ophtalmologistes,I,S,R
31101.04,Urologues,I,S,R
31101.05,Autres spécialistes en chirurgie,I,R,S
31102.00,Omnipraticiens/omnipraticiennes et médecins en médecine familiale,I,S,R
31103.00,Vétérinaires,I,R,E
31110.01,Dentistes,I,R,S
31110.02,Chirurgiens buccaux et maxillo-faciaux,R,S,I
31110.03,Orthodontistes,I,R,S
31110.04,Prosthodontistes,I,R,S
31111.00,Optométristes,I,S,R
31112.01,Audiologistes,I,S,R
31112.02,Orthophonistes,S,I,e
31120.01,Pharmaciens communautaires/pharmaciennes communautaires et pharmaciens/pharmaciennes d'hôpitaux,C,S,I
31120.02,Pharmaciens industriels/pharmaciennes industrielles,I,E,C
31121.00,Diététistes et nutritionnistes,I,S,E
31200.00,Psychologues,I,S,A
31201.00,Chiropraticiens/chiropraticiennes,S,I,R
31202.00,Physiothérapeutes,S,I,R
31203.00,Ergothérapeutes,S,I,C
31204.01,Thérapeute par les loisirs,S,I,C
31204.02,Kinésiologues et spécialistes en mécanothérapie,S,I,R
31209.01,Docteurs en médecine podiatrique,I,S,R
31209.02,Podologues et podiatres diplômés ou diplômés du premier degré,I,S,R
31209.03,Docteurs en médecine naturopathique,I,S,e
31209.04,Docteurs en médecine ostéopathique,I,S,R
31300.00,Coordonnateurs/coordonnatrices et superviseurs/superviseures des soins infirmiers,E,S,C
31301.01,Infirmiers autorisés/infirmières autorisées en soins généraux,S,I,C
31301.02,Infirmiers/infirmières en santé du travail,S,E,C
31301.03,Infirmiers/infirmières en santé communautaire,S,E,C
31301.04,Infirmiers psychiatriques autorisés/infirmières psychiatriques autorisées,S,I,C
31301.05,Consultants/consultantes en soins infirmiers et chercheurs infirmiers/chercheuses infirmières en sciences infirmières,I,E,S
31301.06,Infirmiers cliniciens/infirmières cliniciennes,E,S,C
31302.00,Infirmiers praticiens/infirmières praticiennes,S,I,R
31303.01,Adjoints/adjointes au médecin,S,I,R
31303.02,Sages-femmes,S,R,I
31303.03,Conseillers/conseillères en génétique,S,I,r
31303.04,Orthoptistes,I,S,R
31303.05,Assistants/assistantes en pathologie,R,C,I
32100.00,Opticiens/opticiennes d'ordonnances,R,S,C
32101.01,Infirmiers auxiliaires/infirmières auxiliaires,S,R,I
32101.02,Techniciens de salle d'opération,R,S,C
32102.00,Personnel ambulancier et paramédical,S,I,R
32103.01,Inhalothérapeutes,S,I,R
32103.02,Perfusionnistes cardiovasculaires,R,S,C
32103.03,Technologues cardiopulmonaires,R,I,S
32104.00,Technologues en santé animale et techniciens/techniciennes vétérinaires,R,I,C
32109.01,Audioprothésistes,S,R,I
32109.02,Aides-orthophonistes et assistants en troubles de la communication,S,C,r
32109.03,Technologues et techniciens/techniciennes médicaux en ophtalmologie,C,R,I
32109.04,Thérapeutes en réadaptation physique,S,R,i
32109.05,Assistants/assistantes en physiothérapie et assistants/assistantes en ergothérapie,S,R,C
32110.00,Denturologistes,R,C,I
32111.01,Hygiénistes dentaires,S,R,c
32111.02,Thérapeutes dentaires,S,R,i
32112.00,Technologues et techniciens/techniciennes dentaires,R,I,C
32120.00,Technologues de laboratoires médicaux,I,R,C
32121.01,Technologues en radiologie,R,S,C
32121.02,Technologues en médecine nucléaire,I,R,S
32121.03,Technologues en radio-oncologie,S,R,C
32121.04,Technologues en résonance magnétique,R,C,S
32122.00,Technologues en échographie,I,S,R
32123.01,Technologues en cardiologie,R,I,S
32123.02,Technologues en électroencéphalographie (EEG) et Technologues en électromyographie (EMG),R,I,S
32124.00,Techniciens/techniciennes en pharmacie,C,R,I
32129.01,Techniciens/techniciennes en diététique,S,I,R
32129.02,Ocularistes,R,S,I
32129.03,Prothésistes et orthésistes,R,S,I
32129.04,Techniciens prothésistes/techniciennes prothésistes et techniciens orthésistes/techniciennes orthésistes,R,C,s
32200.01,Praticiens/praticiennes de médecine traditionnelle chinoise,S,I,C
32200.02,Acupuncteurs/acupunctrices,S,R,I
32201.00,Massothérapeutes,S,R,
32209.01,Herboristes,S,I,e
32209.02,Praticien/praticienne en médecine ostéopathique manuelle,S,R,I
32209.03,Homéopathes,S,E,I
32209.04,Réflexologues,S,R,I
32209.05,Nutritionniste holistique,S,R,I
32209.06,Naturothérapeute,S,R,i
33100.01,Assistants/assistantes dentaires,C,R,S
33100.02,Auxiliaires dans les laboratoires dentaires,R,C,i
33101.00,Assistants/assistantes de laboratoires médicaux et préposés/préposées techniques reliés,R,C,I
33102.00,"Aides-infirmiers/aides-infirmières, aides-soignants/aides-soignantes et préposés/préposées aux bénéficiaires",S,C,R
33103.00,Assistants techniques/assistantes techniques en pharmacie et assistants/assistantes en pharmacie,C,R,
33109.01,Techniciens/techniciennes en audiométrie,S,I,R
33109.02,Technologues en orthopédie,S,R,C
33109.03,Aides en réadaptation,S,R,C
33109.04,Assistants/Assistantes en ophtalmologie,C,S,R
33109.05,Techniciens/techniciennes et assistants/assistantes de laboratoire d'optique et d'ophtalmologie,R,C,
33109.06,Techniciens/techniciennes en processus de stérilisation,R,C,
33109.07,Aides dans les cliniques de collecte de sang,C,S,R
33109.08,Préposés à la morgue,R,C,
40010.00,Gestionnaires de la fonction publique - élaboration de politiques et administration de programmes sociaux et de santé,E,C,I
40011.00,"Gestionnaires de la fonction publique - analyse économique, élaboration de politiques et administration de programmes",E,C,I
40012.00,Gestionnaires de la fonction publique - élaboration de politiques en matière d'éducation et administration de programmes,E,C,I
40019.00,Autres gestionnaires de la fonction publique,E,C,I
40020.01,Administrateurs/administratrices de faculté,E,C,S
40020.02,Registraires,E,C,s
40020.03,Administrateurs/administratrices d'autres types d'écoles de formation professionnelle,E,C,S
40021.01,Directeurs/directrices d'école,E,S,C
40021.02,Administrateurs/administratrices de programmes d'enseignement aux niveaux primaire et secondaire,E,S,C
40030.00,"Directeurs/directrices des services sociaux, communautaires et correctionnels",E,S,C
40040.00,Officiers/officières de direction des services de police et professions connexes des services de la protection du public,E,S,C
40041.00,Chefs et officiers supérieurs/officières supérieures des services d'incendie,E,R,S
40042.00,Officiers/officières de direction des Forces armées canadiennes,E,C,I
41100.00,Juges,E,C,I
41101.00,Avocats/avocates (partout au Canada) et notaires (au Québec),E,I,C
41200.00,Professeurs/professeures et chargés/chargées de cours au niveau universitaire,I,E,S
41201.01,Assistants/assistantes d'enseignement au niveau postsecondaire,C,I,s
41201.02,Assistants/assistantes de recherche au niveau postsecondaire,I,C,
41210.00,Enseignants/enseignantes au niveau collégial et autres instructeurs/instructrices en formation professionnelle,S,E,I
41220.00,Enseignants/enseignantes au niveau secondaire,S,E,I
41221.00,Enseignants/enseignantes aux niveaux primaire et préscolaire,S,E,C
41300.00,Travailleurs sociaux/travailleuses sociales,S,I,E
41301.00,Thérapeutes en counseling et thérapies spécialisées connexes,S,I,E
41302.00,Chefs religieux,S,E,C
41310.01,Enquêteurs/enquêteuses de police et autres professions d’enquête,E,I,C
41310.02,Coroners et médecins légistes,I,R,c
41311.00,Agents/agentes de probation et de libération conditionnelle,S,E,C
41320.00,Conseillers/conseillères en information scolaire,S,I,E
41321.00,Conseillers/conseillères en développement de carrière et conseillers/conseillères en orientation (sauf éducation),S,I,E
41400.01,Ergonomes,I,C,S
41400.02,Hygiénistes industriels/hygiénistes industrielles et hygiénistes du travail,I,C,E
41400.03,Agents/agentes de brevets,E,C,S
41400.04,Agents/agentes de programmes et de politiques de la science,I,E,C
41400.05,Agents/agentes de transfert de technologie,C,I,e
41401.00,"Économistes, recherchistes et analystes des politiques économiques",I,C,E
41402.00,Agents/agentes de développement économique et recherchistes et analystes en marketing,I,E,C
41403.01,Recherchistes en matière de politiques sociales,I,C,S
41403.02,Conseillers/conseillères en économie domestique,S,E,I
41403.03,Analystes de politiques du logement,I,E,C
41403.04,Consultants/consultantes en immigration et en citoyenneté,C,I,E
41403.05,Agents/agentes de projets d'aide et de développement internationaux,E,S,C
41403.06,Recherchistes pour des enquêtes sociales,I,C,e
41403.07,Planificateurs/planificatrices de services sociaux,I,C,e
41404.00,"Recherchistes, experts-conseils/expertes-conseils et agents/agentes de programmes en politiques de la santé",I,C,E
41405.00,"Recherchistes, experts-conseils/expertes-conseils et agents/agentes de programmes en politiques de l'enseignement",I,C,E
41406.01,"Experts-conseils en programmes sportifs, de conditionnement physique et de loisirs",E,S,c
41406.02,"Analystes des politiques des sports, des loisirs et du conditionnement physique",I,C,E
41406.03,"Superviseurs/superviseures des programmes de sports, de loisirs et de conditionnement physique",E,S,C
41407.00,Agents/agentes de programmes propres au gouvernement,E,I,C
41409.01,Anthropologues,I,R,a
41409.02,Archéologues,I,R,a
41409.03,Géographes,I,R,E
41409.04,Historiens/historiennes,I,,
41409.05,Linguistes,I,C,e
41409.06,Politologues,I,S,e
41409.07,Psychométriciens/psychométriciennes,I,C,S
41409.08,Sociologues,I,S,C
41409.09,Autres professionnels/professionnelles des sciences sociales,I,C,S
42100.00,Policiers/policières (sauf cadres supérieurs),E,R,S
42101.00,Pompiers/pompières,R,S,e
42102.00,Membres spécialisés des Forces armées canadiennes,R,C,s
42200.01,Techniciens juridiques/techniciennes juridiques,C,I,
42200.02,Techniciens juridiques indépendants/techniciennes juridiques indépendantes,E,I,C
42200.03,Notaires publics/notaires publiques,C,S,e
42200.04,Agents/agentes de marques de commerce,E,C,I
42200.05,Juges de paix,E,C,s
42201.00,Travailleurs/travailleuses des services sociaux et communautaires,S,C,E
42202.01,Éducateurs/éducatrices de la petite enfance,S,E,i
42202.02,Aides-éducateurs/aides-éducatrices de la petite enfance,S,R,a
42203.00,Instructeurs/instructrices pour personnes ayant une déficience,S,R,i
42204.00,Travailleurs/travailleuses de la religion,S,E,
43100.00,Aides-enseignants/aides-enseignantes aux niveaux primaire et secondaire,S,R,i
43109.01,Instructeurs/instructrices de conduite automobile,S,R,e
43109.02,Examinateurs/examinatrices de permis de conduire,E,C,I
43109.03,Professeurs/professeures de couture,S,A,R
43109.04,Instructeurs/instructrices d'école de mannequins,S,A,E
43200.00,Shérifs et huissiers/huissières de justice,C,E,R
43201.00,Agents/agentes de services correctionnels,E,C,R
43202.01,Agents/agentes de contrôle des animaux,R,S,C
43202.02,Agents/agentes d'application des règlements municipaux,E,C,I
43202.03,Inspecteurs/inspectrices du transport commercial,R,C,I
43202.04,Inspecteurs/inspectrices de la collecte des ordures,C,I,e
43202.05,Inspecteurs/inspectrices de permis d'alcool,E,C,I
43202.06,Agents/agentes de surveillance du stationnement,C,E,I
43202.07,Inspecteurs/inspectrices de taxi,R,C,I
43202.08,Inspecteurs/inspectrices du zonage,C,I,E
43203.01,Agents/agentes de services frontaliers et des douanes,C,E,R
43203.02,Agents/agentes d'immigration,C,E,I
43204.00,Membres des opérations des Forces armées canadiennes,R,C,e
44100.01,Gardiens/gardiennes d'enfants en milieu familial,S,R,c
44100.02,Parents de famille d'accueil,S,R,e
44101.00,"Aides de maintien à domicile, aides familiaux/familiales et personnel assimilé",S,R,
44200.00,Combattants/combattantes de première ligne des Forces armées canadiennes,R,e,
45100.01,Surveillants/surveillantes d'élèves,S,E,c
45100.02,Brigadiers/brigadières,S,c,
50010.00,"Directeurs/directrices de bibliothèques, des archives, de musées et de galeries d'art",E,C,s
50011.00,"Directeurs/directrices - édition, cinéma, radiotélédiffusion et arts de la scène",E,C,A
50012.00,"Directeurs/directrices de programmes et de services de sports, de loisirs et de conditionnement physique",E,S,
51100.00,Bibliothécaires,C,R,E
51101.01,Restaurateurs/restauratrices,R,A,I
51101.02,Conservateurs/conservatrices,E,I,A
51102.00,Archivistes,C,I,a
51110.00,"Réviseurs/réviseures, rédacteurs-réviseurs/rédactrices-réviseures et chefs du service des nouvelles",A,E,C
51111.01,"Romanciers, dramaturges, scénaristes, poètes et autres écrivains créatifs",A,I,E
51111.02,Rédacteurs/rédactrices  (non technique),A,I,E
51111.03,Concepteurs-rédacteurs publicitaires/conceptrices-rédactrices publicitaires,E,A,C
51112.00,Rédacteurs/rédactrices techniques,A,I,C
51113.00,Journalistes,A,E,I
51114.01,Traducteurs/traductrices et traducteurs-réviseurs/traductrices-réviseures,C,I,A
51114.02,Terminologues,C,I,e
51114.03,Interprètes,S,I,A
51114.04,Interprètes en langue des signes,S,I,A
51120.01,"Producteurs/productrices de films cinématographiques, d'émissions de télévision, de radio et de jeux vidéos",E,A,S
51120.02,Réalisateurs/réalisatrices,E,A,S
51120.03,Chorégraphes,A,S,E
51120.04,Directeurs artistiques/directrices artistiques,A,E,i
51120.05,Monteurs/monteuses de films,A,E,I
51120.06,Producteurs/productrices de disques,E,A,c
51120.07,Directeurs/directrices de la photographie,E,A,R
51121.01,Chefs d'orchestre,A,E,S
51121.02,Compositeurs/compositrices,A,E,R
51121.03,Arrangeurs/arrangeuses,A,E,R
51122.01,Musiciens/musiciennes,A,E,s
51122.02,Chanteurs/chanteuses,A,E,s
51122.03,Professeurs/professeures de musique et de chant,S,A,E
52100.01,Techniciens/techniciennes dans les bibliothèques,C,S,E
52100.02,Techniciens/techniciennes dans les services d'archives publiques,C,R,E
52110.00,Cadreurs/cadreuses de films et cadreurs/cadreuses vidéo,R,A,i
52111.00,Techniciens/techniciennes en graphisme,A,R,C
52112.00,Techniciens/techniciennes en radiotélédiffusion,R,C,I
52113.00,Techniciens/techniciennes en enregistrement audio et vidéo,R,C,i
52114.00,Annonceurs/annonceuses et autres communicateurs/communicatrices,E,A,s
52119.01,Régisseurs/régisseures de plateau,E,A,s
52119.02,Chefs machinistes de plateau,E,R,c
52119.03,Chefs électriciens/chefs électriciennes de plateau et éclairagistes,R,i,
52119.04,Coordonnateurs/coordonnatrices des cascades et truqueurs/truqueuses,R,A,
52119.05,Maquilleurs/maquilleuses,A,R,
52119.06,Costumiers/costumières,E,A,i
52119.07,Chefs d'atelier de décors et chefs accessoiristes,A,R,e
52120.01,Designers graphiques,A,R,E
52120.02,Illustrateurs/illustratrices,A,R,E
52121.00,Designers d'intérieur et décorateurs/décoratrices d'intérieur,A,E,r
53100.01,Techniciens/techniciennes en restauration et en conservation,R,A,
53100.02,Encadreurs/encadreuses de tableaux,R,A,c
53100.03,Interprètes de musée,S,E,
53100.04,"Adjoints/adjointes à la conservation, les agents/agentes des services de vulgarisation, les techniciens/techniciennes en muséologie et les catalogueurs/catalogueuses et registraires de musée",R,C,I
53100.05,Taxidermistes,R,A,c
53110.00,Photographes,A,R,i
53111.01,Grutiers/grutières en cinéma et radiotélédiffusion,R,C,I
53111.02,Projectionnistes de cinéma,R,C,I
53111.03,Accessoiristes et constructeurs/constructrices de décors,R,C,a
53111.04,Assistants/assistantes au script,C,e,r
53111.05,Machinistes et monteurs-régleurs/monteuses-régleuses de plateau,R,C,
53111.06,Habilleurs/habilleuses,R,s,
53111.07,Assistants/assistants à la réalisation,C,R,i
53120.01,Danseurs/danseuses,A,R,
53120.02,Professeurs/professeures de danse,S,A,E
53121.01,Acteurs/actrices et comédiens/comédiennes,A,E,
53121.02,Professeurs/professeures d'art dramatique,S,A,
53121.03,Artistes de cirque,A,E,r
53122.01,Peintres,A,R,i
53122.02,Sculpteurs/sculpteures,A,R,i
53122.03,Professeurs/professeures d'art,A,S,R
53123.01,Ensembliers/ensemblières de théâtre,A,R,E
53123.02,Dessinateurs/dessinatrices de mode,A,E,R
53123.03,Concepteurs/conceptrices d'expositions,A,R,e
53124.01,Artisans sculpteurs/artisanes sculpteures,A,R,
53124.02,Souffleurs/souffleuses de verre,R,A,
53124.03,Orfèvres,R,A,
53124.04,Potiers/potières,R,A,
53124.05,Artisans vitraillistes/artisanes vitraillistes,A,R,
53124.06,Confectionneurs/confectionneuses d'instruments musicaux,R,A,i
53124.07,Tisserands/tisserandes,R,A,
53124.08,Professeurs/professeures d'artisanat,S,A,E
53124.09,Décorateurs floraux/décoratrices florales,A,R,e
53125.00,Patronniers/patronnières de produits textiles et d'articles en cuir et en fourrure,R,A,C
53200.00,Athlètes,R,e,
53201.01,Entraîneurs/entraîneuses,S,E,I
53201.02,Dépisteurs sportifs/dépisteuses sportives,E,I,S
53202.00,Arbitres et officiels/officielles de sports,E,C,S
54100.01,Animateurs/animatrices et responsables de programmes de sports et de loisirs,S,E,C
54100.02,Évaluateurs/évaluatrices de la condition physique,S,I,c
55109.01,Amuseurs publics/amuseuses publiques,A,E,R
55109.02,Magiciens/magiciennes et illusionnistes,A,R,e
55109.03,Mannequins et modèles,A,E,
55109.04,Influenceurs,E,a,
60010.00,Directeurs/directrices des ventes corporatives,E,C,I
60020.00,Directeurs/directrices - commerce de détail et de gros,E,C,I
60030.00,Directeurs/directrices de la restauration et des services alimentaires,E,C,I
60031.00,Directeurs/directrices des services d'hébergement,E,C,I
60040.00,Directeurs/directrices du service à la clientèle et des services personnels,E,C,I
62010.00,Superviseurs/superviseures des ventes - commerce de détail,E,C,S
62020.00,Superviseurs/superviseures des services alimentaires,E,C,S
62021.00,Gouvernants principaux/gouvernantes principales,E,C,R
62022.00,"Superviseurs/superviseures des services d'hébergement, de voyages, de tourisme et des services connexes",E,C,S
62023.01,Superviseurs/superviseures des représentants au service à la clientèle - services financiers,E,C,S
62023.02,Superviseurs/superviseures des représentants au service à la clientèle (sauf services financiers),E,C,S
62024.00,Surveillants/surveillantes des services de nettoyage,E,C,S
62029.00,Surveillants/surveillantes des autres services,E,C,S
62100.00,Spécialistes des ventes techniques - commerce de gros,E,C,I
62101.00,Acheteurs/acheteuses des commerces de détail et de gros,E,C,I
62200.01,Premiers chefs/premières chefs,E,R,A
62200.02,Sous-chefs,E,R,A
62200.03,Chefs spécialisés/chefs spécialisées,E,R,A
62201.01,Directeurs/directrices de funérailles,E,C,s
62201.02,Embaumeurs/embaumeuses,R,C,A
62202.01,Bijoutiers/bijoutières et personnel assimilé,R,A,C
62202.02,Horlogers-rhabilleurs/horlogères-rhabilleuses,R,C,I
63100.00,Agents/agentes et courtiers/courtières d'assurance,E,C,S
63101.00,Agents/agentes et vendeurs/vendeuses en immobilier,E,C,I
63102.00,Représentants/représentantes des ventes financières,E,C,S
63200.00,Cuisiniers/cuisinières,R,C,E
63201.00,Bouchers/bouchères - commerce de gros et de détail,R,C,e
63202.00,Boulangers-pâtissiers/boulangères-pâtissières,R,C,e
63210.01,Coiffeurs/coiffeuses,A,E,S
63210.02,Barbiers/barbières,R,E,S
63211.01,Esthéticiens/esthéticiennes,S,R,E
63211.02,Cosméticiens/cosméticiennes,S,R,A
63211.03,Électrolystes,S,R,E
63211.04,Manucures et pédicures,R,E,A
63211.05,Spécialistes du cuir chevelu,R,E,S
63211.06,Tatoueurs/tatoueuses,A,R,E
63211.07,Techniciens/techniciennes en greffe de cheveux (non médicaux),R,S,A
63220.01,Fabricants/fabricantes de chaussures,R,C,A
63220.02,Cordonniers/cordonnières,R,C,E
63221.00,Tapissiers-garnisseurs/tapissières-garnisseuses,R,C,E
64100.01,Vendeurs/vendeuses - commerce de détail,E,C,s
64100.02,Décorateurs/décoratrices - étalagistes,A,E,R
64101.00,Représentants/représentantes des ventes et des comptes - commerce de gros (non-technique),E,C,s
64200.01,"Tailleurs/tailleuses, Couturiers/couturières et Retoucheurs/retoucheuses",R,A,E
64200.02,Fourreurs/fourreuses,R,A,E
64200.03,Modistes,R,A,E
64201.01,Conseillers imagistes/conseillères imagistes,S,A,E
64201.02,Conseillers/conseillères en services de mariage,E,S,A
64201.03,Conseillers/conseillères en perte de poids,S,E,C
64300.00,Maîtres d'hôtel et hôtes/hôtesses,E,S,c
64301.00,Barmans/barmaids,E,R,S
64310.00,Conseillers/conseillères en voyages,E,S,C
64311.01,Agents/agentes de bord - transport aérien,E,S,C
64311.02,"Commissaires de bord, directeurs/directrices du service à la clientèle et directeurs/directrices de service aux passagers",E,C,s
64311.03,Commissaires de marine,E,C,s
64312.01,Agents/agentes aux passagers et de billetterie - transport aérien,C,E,s
64312.02,Agents/agentes de fret aérien et d'escale,C,E,R
64312.03,Agents/agentes de réservations,C,E,s
64313.01,Agents/agentes de billetterie et personnel assimilé (sauf transport aérien),C,E,s
64313.02,Représentants/représentantes du service à la clientèle en matière de fret (sauf transport aérien),C,E,s
64314.00,Réceptionnistes d'hôtel,C,E,s
64320.01,Guides touristiques,S,E,c
64320.02,Guides itinérants/guides itinérantes,E,C,s
64321.00,Travailleurs/travailleuses dans les casinos,C,E,r
64322.00,Guides d'activités récréatives et sportives de plein air,S,E,R
64400.00,Représentants/représentantes au service à la clientèle - institutions financières,C,E,S
64401.00,Représentants/représentantes des services postaux,C,R,S
64409.00,Autres préposés/autres préposées aux services d'information et aux services à la clientèle,E,C,S
64410.01,Gardiens/gardiennes de sécurité,R,C,E
64410.02,Gardiens/gardiennes de voiture blindée,R,C,E
64410.03,Agents/agentes de sécurité d'entreprises,R,C,E
64410.04,Enquêteurs privés/enquêteuses privées,E,C,R
64410.05,Agents/agentes de prévention des vols,E,C,I
65100.00,Caissiers/caissières,C,E,R
65101.00,Préposés/préposées de stations-service,R,C,e
65102.00,"Garnisseurs/garnisseuses de tablettes, commis et préposés/préposées aux commandes dans les magasins",C,R,e
65109.01,Distributeurs/distributrices et Démonstrateurs/démonstratrices,E,C,
65109.02,Vendeurs/vendeuses de porte à porte,E,C,
65109.03,Préposés/préposées à la sollicitation par téléphone et télévendeurs/télévendeuses,E,C,
65200.00,Serveurs/serveuses d'aliments et de boissons,S,E,C
65201.01,Serveurs/serveuses au comptoir et préparateurs/préparatrices d'aliments,R,C,S
65201.02,Aides de cuisine,R,C,
65201.03,Aides de services alimentaires,R,C,S
65201.04,Plongeurs/plongeuses,R,c,
65202.00,Coupeurs/coupeuses de viande et poissonniers/poissonnières - commerce de gros et de détail,R,C,e
65210.01,Préposés/préposées aux services à la clientèle et porteurs/porteuses de bagages,R,C,e
65210.02,Préposés/préposées aux passagers à bord de navires et au service ferroviaire,R,S,E
65210.03,Travailleurs/travailleuses en installations,R,c,
65211.01,Exploitants/exploitantes d'attraction foraine,E,R,C
65211.02,"Préposés/préposées dans les parcs d'attractions, les sports et les loisirs",E,R,C
65220.00,Soigneurs/soigneuses d'animaux et travailleurs/travailleuses en soins des animaux,R,E,C
65229.00,Autre professions de soutien dans les services personnels,E,c,r
65310.01,Préposés/préposées à l'entretien ménager et au nettoyage - travaux légers,R,C,
65310.02,Préposés/préposées à l'entretien ménager,R,C,s
65311.01,Nettoyeurs/nettoyeuses de tapis et de meubles rembourrés,R,C,
65311.02,Ramoneurs/ramoneuses et Nettoyeurs/nettoyeuses au jet de sable,R,c,
65311.03,Nettoyeurs/nettoyeuses de fournaises et de systèmes de ventilation,R,c,
65311.04,Nettoyeurs/nettoyeuses de véhicules,R,c,
65311.05,Nettoyeurs/nettoyeuses de vitres,R,c,
65312.00,Concierges et nettoyeurs/nettoyeuses – gros travaux,R,C,e
65320.01,Opérateurs/opératrices de machines de nettoyage à sec et de blanchisseries,R,C,
65320.02,Assembleurs/assembleuses et inspecteurs/inspectrices de machines de nettoyage à sec et de blanchisseries,R,C,I
65320.03,"Repasseurs/repasseuses, presseurs/presseuses et finisseurs/finisseuses",R,c,
65329.01,Préposés/préposées de salon de coiffure,R,e,
65329.02,Portiers/portières,R,C,
65329.03,Préposés/préposées de salon funéraire,S,E,R
65329.04,Préposés/préposées de laverie automatique,R,C,e
65329.05,Préposés/préposées de terrain de stationnement et préposés/préposées aux voitures,R,C,E
65329.06,Placeurs/placeuses et receveurs/receveuses de billets,S,C,E
65329.07,Autres travailleurs élémentaires/travailleuses élémentaires des services,R,E,C
70010.00,Directeurs/directrices de la construction,E,R,C
70011.00,Gestionnaires en construction et rénovation domiciliaire,E,R,C
70012.01,Directeurs/directrices d'exploitation d'immeubles,E,C,R
70012.02,Directeurs/directrices de l'entretien d'immeubles,E,C,R
70020.01,Directeurs/directrices des transports - opérations,E,C,I
70020.02,Directeurs/directrices des transports - mouvement du fret,E,C,I
70021.00,Directeurs/directrices des services postaux et de messageries,E,C,i
72010.00,"Entrepreneurs/entrepreneuses et contremaîtres/contremaîtresses des machinistes et du personnel des métiers du formage, du profilage et du montage des métaux et personnel assimilé",E,R,C
72011.00,Entrepreneurs/entrepreneuses et contremaîtres/contremaîtresses en électricité et en télécommunications,E,C,R
72012.00,Entrepreneurs/entrepreneuses et contremaîtres/contremaîtresses en tuyauterie,E,R,C
72013.00,Entrepreneurs/entrepreneuses et contremaîtres/contremaîtresses en charpenterie,E,R,C
72014.00,Entrepreneurs/entrepreneuses et contremaîtres/contremaîtresses des autres métiers de la construction et des services de réparation et d'installation,E,C,R
72020.00,Entrepreneurs/entrepreneuses et contremaîtres/contremaîtresses en mécanique,E,C,R
72021.00,Entrepreneurs/entrepreneuses et contremaîtres/contremaîtresses des équipes d'opérateurs d'équipement lourd,E,C,R
72022.00,Surveillants/surveillantes de l'imprimerie et du personnel assimilé,E,C,R
72023.00,Surveillants/surveillantes des opérations du transport ferroviaire,E,C,i
72024.00,Surveillants/surveillantes du transport routier et du transport en commun,E,C,i
72025.00,Superviseurs/superviseures de services postaux et de messageries,E,C,i
72100.01,Machinistes,R,C,
72100.02,Vérificateurs/vérificatrices d'usinage et d'outillage,R,C,i
72101.01,Outilleurs-ajusteurs/outilleuses-ajusteuses,R,C,i
72101.02,Modeleurs/modeleuses sur métal et Moulistes de moules en métal,R,C,i
72102.00,Tôliers/tôlières,R,C,i
72103.00,Chaudronniers/chaudronnières,R,C,i
72104.00,Assembleurs/assembleuses et ajusteurs/ajusteuses de plaques et de charpentes métalliques,R,C,i
72105.00,Monteurs/monteuses de charpentes métalliques,R,C,i
72106.01,Soudeurs/soudeuses,R,C,i
72106.02,Opérateurs/opératrices de machines à souder et à braser,R,C,i
72200.00,Électriciens/électriciennes (sauf électriciens industriels/électriciennes industrielles et de réseaux électriques),R,I,C
72201.00,Électriciens industriels/électriciennes industrielles,R,I,C
72202.00,Électriciens/électriciennes de réseaux électriques,R,C,I
72203.00,Monteurs/monteuses de lignes électriques et de câbles,R,I,C
72204.00,Installateurs/installatrices et réparateurs/réparatrices de lignes et de câbles de télécommunications,R,I,C
72205.01,Installateurs/installatrices et réparateurs/réparatrices de téléphones,R,I,C
72205.02,Installateurs/installatrices et réparateurs/réparatrices de réseaux commutés,R,I,C
72205.03,Vérificateurs/vérificatrices de services de télécommunications,R,I,C
72205.04,Techniciens/techniciennes en matériel de télécommunications,R,I,C
72205.05,Techniciens/techniciennes en montage d'installations de câblodistribution,R,I,C
72300.00,Plombiers/plombières,R,C,I
72301.01,Tuyauteurs/tuyauteuses et monteurs/monteuses d'appareils de chauffage,R,C,I
72301.02,Poseurs/poseuses de gicleurs,R,C,I
72302.00,Monteurs/monteuses d'installations au gaz,R,C,I
72310.00,Charpentiers-menuisiers/charpentières-menuisières,R,C,I
72311.00,Ébénistes,R,C,i
72320.00,Briqueteurs-maçons/briqueteuses-maçonnes,R,C,
72321.00,Calorifugeurs/calorifugeuses,R,C,i
72400.01,Mécaniciens/mécaniciennes de chantier et mécaniciens industriels/mécaniciennes industrielles,R,C,I
72400.02,Mécaniciens/mécaniciennes et monteurs/monteuses de machines dans l'industrie du textile,R,I,C
72401.00,Mécaniciens/mécaniciennes d'équipement lourd,R,C,I
72402.00,"Mécaniciens/mécaniciennes en chauffage, réfrigération et climatisation",R,C,I
72403.00,Réparateurs/réparatrices de wagons,R,C,I
72404.01,Mécaniciens/mécaniciennes d'aéronefs,R,C,I
72404.02,Contrôleurs/contrôleuses d'aéronefs,R,C,I
72405.00,Ajusteurs/ajusteuses de machines,R,C,I
72406.00,Constructeurs/constructrices et mécaniciens/mécaniciennes d'ascenseurs,R,C,I
72410.01,Mécaniciens/mécaniciennes de véhicules automobiles,R,I,C
72410.02,Réparateurs/réparatrices de véhicules automobiles,R,I,C
72410.03,Mécaniciens/mécaniciennes de camions et de remorques,R,I,C
72411.00,"Techniciens/techniciennes en collision, en carrosserie, en peinture et en glace de véhicule automobile et estimateurs/estimatrices de dommages",R,C,I
72420.00,Installateurs/installatrices de brûleurs à l'huile et à combustibles solides,R,I,C
72421.01,Réparateurs/réparatrices de petits appareils électroménagers,R,I,C
72421.02,Réparateurs/réparatrices de gros appareils électroménagers,R,I,C
72422.00,Électromécaniciens/électromécaniciennes,R,I,C
72423.01,"Mécaniciens/mécaniciennes de motocyclettes, de véhicules tout-terrain et personnel mécanicien assimilé",R,I,C
72423.02,Technicien/technicienne de véhicules récréatifs,R,I,C
72429.00,Autres réparateurs/réparatrices de petits moteurs et de petits équipements,R,C,I
72500.00,Grutiers/grutières,R,C,i
72501.00,Foreurs/foreuses de puits d'eau,R,I,C
72600.01,Pilotes aériens,R,C,I
72600.02,Mécaniciens de bord,R,C,I
72600.03,Instructeurs/instructrices de vol,S,R,I
72601.01,Contrôleurs/contrôleuses de la circulation aérienne,E,C,I
72601.02,Agents/agentes de régulation des vols,E,C,I
72601.03,Spécialistes de l'information de vol,E,C,I
72602.00,Officiers/officières de pont du transport par voies navigables,R,E,C
72603.00,Officiers mécaniciens/officières mécaniciennes du transport par voies navigables,R,E,C
72604.01,Contrôleurs/contrôleuses de la circulation ferroviaire,C,R,E
72604.02,Régulateurs/régulatrices de la circulation maritime,C,R,E
72999.01,Armuriers/armurières,R,C,I
72999.02,Serruriers/serrurières,R,C,i
72999.03,Installateurs-réparateurs/installatrices-réparatrices de coffres-forts et de chambres fortes,R,C,I
72999.04,Ajusteurs/ajusteuses de scies,R,C,I
72999.05,Monteurs/monteuses de matrices,R,C,I
72999.06,Scaphandriers/scaphandrières,R,I,C
73100.00,Finisseurs/finisseuses de béton,R,I,c
73101.00,Carreleurs/carreleuses,R,C,i
73102.01,Plâtriers/plâtrières,R,C,
73102.02,Poseurs/poseuses de systèmes intérieurs,R,C,
73102.03,Latteurs/latteuses,R,C,
73110.01,Couvreurs/couvreuses,R,C,
73110.02,Poseurs/poseuses de bardeaux,R,C,
73111.00,Vitriers/vitrières,R,C,i
73112.00,Peintres et décorateurs/décoratrices (sauf décorateurs/décoratrices d'intérieur),R,C,a
73113.00,Poseurs/poseuses de revêtements d'intérieur,R,C,
73200.00,"Personnel d'installation, d'entretien et de réparation d'équipement résidentiel et commercial",R,C,i
73201.00,Préposés à l’entretien général et surintendants/surintendantes,R,C,I
73202.00,Fumigateurs/fumigatrices et préposés/préposées au contrôle de la vermine,R,C,i
73209.00,Autres réparateurs/réparatrices et préposés/préposées à l'entretien,R,C,I
73300.01,Conducteurs/conductrices de camions sur longue distance,R,C,E
73300.02,Conducteurs routiers/conductrices routières et conducteurs/conductrices de camions locaux,R,C,e
73301.01,Conducteurs/conductrices d'autobus et de tramways,R,C,E
73301.02,Conducteurs/conductrices d'autobus scolaires,R,C,s
73301.03,Opérateurs/opératrices de métro et de systèmes légers sur rail,R,C,
73310.01,Mécaniciens/mécaniciennes de locomotive,R,C,e
73310.02,Mécaniciens/mécaniciennes de locomotive de cour de triage,R,C,e
73311.01,Chefs de train,E,R,C
73311.02,Serre-freins,R,C,i
73400.00,Conducteurs/conductrices d'équipement lourd,R,C,i
73401.00,Opérateurs/opératrices de presses à imprimer,R,C,i
73402.01,"Foreurs/foreuses de mines à ciel ouvert, de carrières et de chantiers de construction",R,I,C
73402.02,"Dynamiteurs/dynamiteuses de mines à ciel ouvert, de carrières et de chantiers de construction",R,I,C
74100.01,Trieurs/trieuses de courrier,C,R,
74100.02,Commis à la salle du courrier,C,R,
74101.00,Facteurs/factrices,R,C,s
74102.00,Messagers/messagères,R,C,
74200.01,Ouvriers/ouvrières de gare de triage du transport ferroviaire,R,C,i
74200.02,Ouvriers/ouvrières à l'entretien de la voie ferrée,R,C,
74201.01,Matelots de salle des machines du transport par voies navigables,R,C,i
74201.02,Matelots de pont du transport par voies navigables,R,C,i
74202.00,Agents/agentes de piste dans le transport aérien,R,C,
74203.00,Préposés/préposées à la pose et à l'entretien des pièces mécaniques d'automobiles et de camions et équipements lourds,R,C,
74204.01,Personnel d'entretien des canalisations d'eau,R,C,i
74204.02,Personnel d'entretien des canalisations de gaz,R,C,I
74205.00,Conducteurs/conductrices de machinerie d'entretien public et personnel assimilé,R,C,
75100.00,Débardeurs/débardeuses,R,C,
75101.01,Manutentionnaires qui travaillent manuellement,R,C,
75101.02,Manutentionnaires qui utilisent des appareils de manutention,R,C,
75110.00,Aides de soutien des métiers et manoeuvres en construction,R,c,
75119.00,Autres manoeuvres et aides de soutien de métiers,R,c,
75200.01,Chauffeurs/chauffeuses de taxi et de limousine,R,E,s
75200.02,Chauffeurs/chauffeuses,R,E,C
75201.00,Chauffeurs-livreurs/chauffeuses-livreuses de services de livraison et distributeurs/distributrices porte-à-porte,R,E,C
75210.01,Personnel des écluses,R,C,
75210.02,Conducteurs/conductrices de bacs à câble,R,C,e
75210.03,Ouvriers/ouvrières au débarcadère de traversiers,R,C,e
75210.04,Opérateurs de bateaux,R,C,E
75211.01,Manoeuvres dans le transport ferroviaire,R,c,
75211.02,Manoeuvres dans le transport routier,R,c,
75212.00,Manoeuvres à l'entretien des travaux publics,R,C,
80010.00,Directeurs/directrices de l'exploitation des ressources naturelles et de la pêche,E,C,I
80020.00,Gestionnaires en agriculture,E,R,C
80021.00,Gestionnaires en horticulture,E,R,C
80022.00,Gestionnaires en aquaculture,E,R,C
82010.00,Surveillants/surveillantes de l'exploitation forestière,E,R,C
82020.00,Surveillants/surveillantes de l'exploitation des mines et des carrières,E,R,C
82021.00,Entrepreneurs/entrepreneuses et surveillants/surveillantes du forage et des services reliés à l'extraction de pétrole et de gaz,E,R,C
82030.01,Entrepreneurs/entrepreneuses de services agricoles,E,R,C
82030.02,Surveillants/surveillantes d’exploitations agricoles,E,R,C
82031.00,"Entrepreneurs/entrepreneuses et superviseurs/superviseures des services de l'aménagement paysager, de l'entretien des terrains et de l'horticulture",E,R,C
83100.00,"Mineurs/mineuses d'extraction et de préparation, mines souterraines",R,I,
83101.01,Foreurs/foreuses et personnel à l'entretien des puits de pétrole et de gaz,R,E,C
83101.02,Travailleurs/travailleuses en diagraphie et en mise à l'essai des puits et travailleurs assimilés/travailleuses assimilées,R,C,i
83110.00,Conducteurs/conductrices de machines d'abattage d'arbres,R,I,C
83120.00,Capitaines et officiers/officières de bâtiments de pêche,R,E,I
83121.00,Pêcheurs indépendants/pêcheuses indépendantes,R,E,I
84100.00,Travailleurs/travailleuses d'entretien et de soutien des mines souterraines,R,c,
84101.01,Travailleurs/travailleuses au forage de puits de pétrole et de gaz,R,C,I
84101.02,Travailleurs/travailleuses à l'entretien de puits de pétrole et de gaz,R,c,i
84110.00,Opérateurs/opératrices de scies à chaîne et d'engins de débardage,R,,
84111.00,Ouvriers/ouvrières en sylviculture et en exploitation forestière,R,c,i
84120.01,Ouvriers spécialisés/ouvrières spécialisées dans l'élevage du bétail,R,,
84120.02,Opérateurs/opératices de machineries agricoles,R,,
84121.00,Matelots de pont sur les bateaux de pêche,R,,
85100.00,Manoeuvres aux soins du bétail,R,,
85101.00,Manoeuvres à la récolte,R,,
85102.00,Manoeuvres de l'aquaculture et de la mariculture,R,c,
85103.00,Manoeuvres de pépinières et de serres,R,c,
85104.00,Trappeurs/trappeuses et chasseurs/chasseuses,R,I,e
85110.00,Manoeuvres des mines,R,c,
85111.00,"Manoeuvres de forage et d'entretien des puits de pétrole et de gaz, et personnel assimilé",R,,
85120.00,Manoeuvres de l'exploitation forestière,R,,
85121.00,Manoeuvres en aménagement paysager et en entretien des terrains,R,,
90010.00,Directeurs/directrices de la fabrication,E,C,I
90011.01,Directeurs/directrices du service des eaux,E,C,I
90011.02,Directeurs/directrices de réseaux de distribution d'électricité,E,C,I
90011.03,Directeurs/directrices de l'approvisionnement en gaz naturel et Directeurs/directrices de la distribution de produits pétroliers,E,C,I
90011.04,Directeurs/directrices de services de lutte contre la pollution de l'eau,E,C,I
90011.05,Directeurs/directrices de systèmes de gestion des déchets,E,C,I
92010.00,Surveillants/surveillantes dans la transformation des métaux et des minerais,E,R,C
92011.00,"Surveillants/surveillantes dans le raffinage du pétrole, dans le traitement du gaz et des produits chimiques et dans les services d'utilité publique",E,R,C
92012.00,Surveillants/surveillantes dans la transformation des aliments et des boissons,E,R,C
92013.00,Surveillants/surveillantes dans la fabrication de produits en caoutchouc et en plastique,E,R,C
92014.00,Surveillants/surveillantes dans la transformation des produits forestiers,E,R,C
92015.00,"Surveillants/surveillantes dans la transformation et la fabrication de produits textiles, de tissus, de fourrure et de cuir",E,R,C
92020.00,Surveillants/surveillantes dans la fabrication de véhicules automobiles,E,R,C
92021.00,Surveillants/surveillantes dans la fabrication de matériel électronique et d'appareils électriques,E,R,C
92022.00,Surveillants/surveillantes dans la fabrication de meubles et d'accessoires,E,R,C
92023.00,Surveillants/surveillantes dans la fabrication d'autres produits métalliques et de pièces mécaniques,E,R,C
92024.00,Surveillants/surveillantes dans la fabrication et le montage de produits divers,E,R,C
92100.01,Mécaniciens/mécaniciennes de centrales,R,I,C
92100.02,Opérateurs/opératrice de réseaux électriques,R,I,C
92101.01,Opérateurs/opératrices d'installations du traitement de l'eau,R,I,C
92101.02,Opérateurs/opératrices d'installations du traitement des déchets liquides,R,I,C
93100.00,Opérateurs/opératrices de poste central de contrôle et de conduite de procédés industriels dans le traitement des métaux et des minerais,R,I,C
93101.00,Opérateurs/opératrices de salle de commande centrale et de conduite de procédés industriels dans le raffinage du pétrole et le traitement du gaz et des produits chimiques,R,I,C
93102.00,"Opérateurs/opératrices au contrôle de la réduction en pâte des pâtes et papiers, de la fabrication du papier et du couchage",R,I,C
93200.01,Monteurs/monteuses d'aéronefs,R,C,
93200.02,Contrôleurs/contrôleuses du montage d'aéronefs,R,C,I
94100.00,Opérateurs/opératrices de machines dans le traitement des métaux et des minerais,R,C,i
94101.01,Mouleurs/mouleuses et Noyauteurs/noyauteuses,R,C,
94101.02,Fondeurs/fondeuses de métaux,R,C,
94101.03,Opérateurs/opératrices de fours de fonderie,R,C,
94102.01,Opérateurs/opératrices de matériel de régulation des procédés de fabrication de verre,R,C,I
94102.02,Opérateurs/opératrices de machines à former le verre,R,C,A
94102.03,Opérateurs/opératrices de machines à finir le verre,R,C,A
94102.04,Coupeurs/coupeuses de verre,R,C,
94103.01,Opérateurs/opératrices de machines et travailleurs/travailleuses en façonnage et en finition de produits en béton,R,C,
94103.02,Opérateurs/opératrices de machines à façonner et à finir des produits en argile,R,C,A
94103.03,Travailleurs spécialisés/travailleuses spécialisées dans le façonnage et la finition de la pierre,R,C,A
94104.00,Contrôleurs/contrôleuses et essayeurs/essayeuses dans la transformation des métaux et des minerais,R,C,I
94105.01,Opérateurs/opératrices de machines à travailler les métaux légers et lourds,R,C,
94105.02,Opérateurs/opératrices de machines à forger,R,C,
94106.00,Opérateurs/opératrices de machines d'usinage,R,C,
94107.00,Opérateurs/opératrices de machines d'autres produits métalliques,R,C,
94110.00,Opérateurs/opératrices d'installations de traitement des produits chimiques,R,C,i
94111.01,Opérateurs/opératrices de malaxeur - plasturgie,R,C,i
94111.02,Opérateurs/opératrices de calandre - plasturgie,R,C,i
94111.03,Opérateurs/opératrices de machines à extruder - plasturgie,R,C,i
94111.04,Opérateurs/opératrices de machines à mouler - plasturgie,R,C,i
94112.01,Opérateurs/opératrices de machines de transformation du caoutchouc,R,C,i
94112.02,Assembleurs/assembleuses d'articles en caoutchouc,R,C,
94112.03,Vérificateurs/vérificatrices d'articles en caoutchouc,R,C,I
94120.00,Opérateurs/opératrices de machines à scier dans les scieries,R,C,i
94121.00,Opérateurs/opératrices de machines dans la fabrication et la finition du papier dans les usines de pâte à papier,R,C,i
94122.00,Opérateurs/opératrices de machines à façonner le papier,R,C,
94123.01,Classeurs/classeuses de bois d'œuvre,R,C,i
94123.02,Autres vérificateurs/vérificatrices et classeurs/classeuses dans la transformation du bois,R,C,I
94124.00,Opérateurs/opératrices de machines à travailler le bois,R,C,
94129.00,Autres opérateurs/opératrices de machines dans la transformation du bois,R,C,
94130.01,"Opérateurs/opératrices de machines de traitement des fibres et des fils textiles, du cuir et des peaux",R,C,i
94130.02,"Teinturiers/teinturières et finisseurs/finisseuses de produits textiles, de cuirs et de peaux",R,C,i
94131.00,"Tisseurs/tisseuses, tricoteurs/tricoteuses et autres opérateurs/opératrices de machines textiles",R,C,i
94132.00,Opérateurs/opératrices de machines à coudre industrielles,R,C,
94133.00,"Contrôleurs/contrôleuses et trieurs/trieuses dans la fabrication de produits textiles, de tissus, de fourrure et de cuir",R,C,I
94140.01,Opérateurs/opératrices de procédés industriels dans la transformation des aliments et des boissons,R,C,i
94140.02,Opérateurs/opératrices de machines dans la transformation des aliments et des boissons,R,C,i
94141.01,Bouchers industriels/bouchères industrielles,R,C,
94141.02,Découpeurs/découpeuses de viande industrielle,R,C,
94141.03,Préparateurs/préparatrices de volaille,R,C,
94142.01,Opérateurs/opératrices de machines dans les usines de transformation du poisson et de fruits de mer,R,C,
94142.02,Nettoyeurs-coupeurs/nettoyeuses-coupeuses de poisson et de fruits de mer dans les usines de transformation du poisson et de fruits de mer,R,C,
94143.00,Échantillonneurs/échantillonneuses et trieurs/trieuses dans la transformation des aliments et des boissons,R,C,I
94150.00,Opérateurs/opératrices d'équipement d'impression sans plaque,R,C,
94151.01,"Cadreurs/cadreuses graphiques, les scannéristes, les pelliculeurs et les assembleurs",R,C,i
94151.02,Acidograveurs et les graveurs,R,C,i
94151.03,"Techniciens/Techniciennes de prépresse, les clicheurs, les tireurs d'épreuves photographiques, et les opérateurs d’équipement de prémise en train et à la préparation de dossiers",R,C,i
94152.00,Opérateurs/opératrices de machines à relier et de finition,R,C,
94153.00,Développeurs/développeuses de films et de photographies,R,C,i
94200.01,Assembleurs/assembleuses de véhicules automobiles,R,C,
94200.02,Contrôleurs/contrôleuses et vérificateurs/vérificatrices de véhicules automobiles,R,C,I
94201.01,Assembleurs/assembleuses de matériel électronique,R,C,
94201.02,Contrôleurs et les vérificateurs de matériel électronique,R,I,C
94202.01,"Monteurs/monteuses  dans la fabrication de matériel, d'appareils et d'accessoires électriques",R,C,
94202.02,"Contrôleurs/contrôleuses dans la fabrication de matériel, d'appareils et d'accessoires électriques",R,I,C
94203.01,"Assembleurs/assembleuses,  dans la fabrication de transformateurs et de moteurs électriques industriels",R,C,
94203.02,Ajusteurs et câbleurs dans la fabrication de transformateurs et de moteurs électriques industriels,R,C,i
94203.03,Vérificateurs dans la fabrication de transformateurs et de moteurs électriques industriels,R,I,C
94204.01,Monteurs/monteuses de matériel mécanique,R,C,
94204.02,Contrôleurs/contrôleuses de matériel mécanique,C,R,I
94205.01,Opérateurs/opératrices de machines dans la fabrication d'appareils électriques,R,C,
94205.02,Contrôleurs/contrôleuses et essayeurs/essayeuses dans la fabrication d'appareils électriques,R,I,C
94210.01,Monteurs/monteuses de meubles et d'accessoires,R,A,
94210.02,Finisseurs de meubles,R,A,I
94210.03,Restaurateurs/Restauratrices de meubles,R,A,
94210.04,Contrôleurs/contrôleuses de meubles et d'accessoires,R,C,I
94211.01,Monteurs/monteuses d'autres produits en bois,R,C,
94211.02,Contrôleurs/contrôleuses d'autres produits en bois,R,C,I
94212.01,Assembleurs/assembleuses et finisseurs/finisseuses de produits en plastique,R,C,
94212.02,Contrôleurs/contrôleuses de produits en plastique,R,C,I
94213.01,Peintres et enduiseurs/enduiseuses – secteur industriel,R,C,
94213.02,Opérateurs/opératrices d'équipement de métallisation et de galvanisation et personnel assimilé,R,C,
94219.01,Monteurs/monteuses et finisseurs/finisseuses de produits divers,R,C,
94219.02,Contrôleurs/controlleuses de produits divers,R,C,I
95100.00,Manoeuvres dans le traitement des métaux et des minerais,R,C,
95101.00,Manoeuvres en métallurgie,R,C,
95102.00,Manoeuvres dans le traitement des produits chimiques et les services d'utilité publique,R,C,
95103.00,Manoeuvres dans le traitement des pâtes et papiers et la transformation du bois,R,C,
95104.00,Manoeuvres dans la fabrication des produits en caoutchouc et en plastique,R,C,
95105.01,Manoeuvres des produits du textile,R,C,
95105.02,Coupeurs/coupeuses de tissu,R,C,
95105.03,Coupeurs/coupeuses de fourrure,R,C,
95105.04,Coupeurs/coupeuses de cuir,R,C,
95106.00,Manoeuvres dans la transformation des aliments et des boissons,R,C,
95107.00,Manoeuvres dans la transformation du poisson et des fruits de mer,R,C,
95109.00,"Autres manoeuvres des services de transformation, de fabrication et d'utilité publique",R,C,
